coord,FE,mol,ngas,C
258.635,35.43783727312247,Chloroform,10,0.000625
260.13,22.92358389388725,Chloroform,10,0.000625
261.625,13.459066964362131,Chloroform,10,0.000625
263.12,6.709282571574246,Chloroform,10,0.000625
264.615,2.439199957287244,Chloroform,10,0.000625
266.11,0.3546904436976312,Chloroform,10,0.000625
267.605,0.0,Chloroform,10,0.000625
269.1,0.9599872313413762,Chloroform,10,0.000625
270.595,2.7998837159045387,Chloroform,10,0.000625
272.09,4.832203601212104,Chloroform,10,0.000625
273.585,6.517133494305764,Chloroform,10,0.000625
275.08,7.69876322097393,Chloroform,10,0.000625
276.575,8.0040308487234,Chloroform,10,0.000625
278.07,7.482688537827869,Chloroform,10,0.000625
279.565,6.771949504811584,Chloroform,10,0.000625
281.06,6.021315033490527,Chloroform,10,0.000625
282.555,5.51499851042043,Chloroform,10,0.000625
284.05,5.704321621238545,Chloroform,10,0.000625
285.545,6.327206189501229,Chloroform,10,0.000625
287.04,7.115261437768471,Chloroform,10,0.000625
288.535,7.858542914923131,Chloroform,10,0.000625
290.03,8.23344520332989,Chloroform,10,0.000625
291.525,8.477563063874609,Chloroform,10,0.000625
293.02,8.707295175611723,Chloroform,10,0.000625
294.515,8.79265378989103,Chloroform,10,0.000625
296.01,8.70943178249139,Chloroform,10,0.000625
297.505,8.394717454199416,Chloroform,10,0.000625
299.0,7.855664649878346,Chloroform,10,0.000625
300.495,7.3566817197886145,Chloroform,10,0.000625
301.99,7.108687836640595,Chloroform,10,0.000625
303.485,7.660975172116036,Chloroform,10,0.000625
304.98,8.01240401999566,Chloroform,10,0.000625
306.475,5.947844585537727,Chloroform,10,0.000625
307.97,1.0217544802037857,Chloroform,10,0.000625
309.465,-6.050186658210723,Chloroform,10,0.000625
310.96,-13.352441854352598,Chloroform,10,0.000625
312.455,-17.81865913279779,Chloroform,10,0.000625
313.95,-18.574343729329915,Chloroform,10,0.000625
315.445,-16.40967626529428,Chloroform,10,0.000625
316.94,-11.079214136672864,Chloroform,10,0.000625
318.435,-2.4296990914088568,Chloroform,10,0.000625
319.93,9.596968858145658,Chloroform,10,0.000625
321.425,24.930901402002306,Chloroform,10,0.000625
322.92,43.57209854016105,Chloroform,10,0.000625
257.14,49.09525990619744,Chloroform,100,0.00625
258.635,33.75106802210608,Chloroform,100,0.00625
260.13,21.8972112470397,Chloroform,100,0.00625
261.625,12.987740143378756,Chloroform,100,0.00625
263.12,6.505623750587908,Chloroform,100,0.00625
264.615,2.183833400233958,Chloroform,100,0.00625
266.11,0.0424104145883106,Chloroform,100,0.00625
267.605,0.0,Chloroform,100,0.00625
269.1,1.6272621836517214,Chloroform,100,0.00625
270.595,4.205856496594285,Chloroform,100,0.00625
272.09,6.861915825821768,Chloroform,100,0.00625
273.585,8.8006043994599,Chloroform,100,0.00625
275.08,9.757588710903146,Chloroform,100,0.00625
276.575,9.68818886583784,Chloroform,100,0.00625
278.07,8.918848207403531,Chloroform,100,0.00625
279.565,8.054810442921408,Chloroform,100,0.00625
281.06,7.522375075862818,Chloroform,100,0.00625
282.555,7.655630016501625,Chloroform,100,0.00625
284.05,8.575879258062933,Chloroform,100,0.00625
285.545,9.793838080827236,Chloroform,100,0.00625
287.04,11.054512181206526,Chloroform,100,0.00625
288.535,12.514450946290602,Chloroform,100,0.00625
290.03,13.99422083460938,Chloroform,100,0.00625
291.525,15.471799922597404,Chloroform,100,0.00625
293.02,17.155854591899818,Chloroform,100,0.00625
294.515,18.649800273066568,Chloroform,100,0.00625
296.01,19.465483881436818,Chloroform,100,0.00625
297.505,19.600883749044502,Chloroform,100,0.00625
299.0,19.14070224139992,Chloroform,100,0.00625
300.495,18.60112353122811,Chloroform,100,0.00625
301.99,19.145137684389542,Chloroform,100,0.00625
303.485,20.168710583812093,Chloroform,100,0.00625
304.98,19.179927902735024,Chloroform,100,0.00625
306.475,14.9320603002802,Chloroform,100,0.00625
307.97,7.807267305794202,Chloroform,100,0.00625
309.465,-0.4448863506557163,Chloroform,100,0.00625
310.96,-6.977997818580439,Chloroform,100,0.00625
312.455,-10.270224482807222,Chloroform,100,0.00625
313.95,-10.332580695168648,Chloroform,100,0.00625
315.445,-7.178447630110201,Chloroform,100,0.00625
316.94,-0.9411445083866106,Chloroform,100,0.00625
318.435,8.527124249462176,Chloroform,100,0.00625
319.93,21.376250918131355,Chloroform,100,0.00625
321.425,37.80955385145678,Chloroform,100,0.00625
255.645,38.66311814276894,Chloroform,1000,0.0625
257.14,25.152277765075343,Chloroform,1000,0.0625
258.635,14.671578254428756,Chloroform,1000,0.0625
260.13,7.097733697915224,Chloroform,1000,0.0625
261.625,2.3739396857523314,Chloroform,1000,0.0625
263.12,0.1267428554561682,Chloroform,1000,0.0625
264.615,0.0,Chloroform,1000,0.0625
266.11,1.3783608046165607,Chloroform,1000,0.0625
267.605,3.107553764392385,Chloroform,1000,0.0625
269.1,4.413204269766787,Chloroform,1000,0.0625
270.595,5.0734309154436055,Chloroform,1000,0.0625
272.09,5.23192612166909,Chloroform,1000,0.0625
273.585,5.150629246661985,Chloroform,1000,0.0625
275.08,4.881583487492943,Chloroform,1000,0.0625
276.575,4.46266389516822,Chloroform,1000,0.0625
278.07,3.984370832282478,Chloroform,1000,0.0625
279.565,3.803453388472933,Chloroform,1000,0.0625
281.06,4.2179166452218055,Chloroform,1000,0.0625
282.555,5.016536584227268,Chloroform,1000,0.0625
284.05,6.05919344040926,Chloroform,1000,0.0625
285.545,7.199280216975058,Chloroform,1000,0.0625
287.04,8.23072130660999,Chloroform,1000,0.0625
288.535,9.254498871652276,Chloroform,1000,0.0625
290.03,10.116316397531596,Chloroform,1000,0.0625
291.525,10.582945329755194,Chloroform,1000,0.0625
293.02,10.635716899547386,Chloroform,1000,0.0625
294.515,10.264280236334567,Chloroform,1000,0.0625
296.01,9.87757853895658,Chloroform,1000,0.0625
297.505,10.29768420071144,Chloroform,1000,0.0625
299.0,10.949270892854027,Chloroform,1000,0.0625
300.495,10.11667685903841,Chloroform,1000,0.0625
301.99,6.832956680126962,Chloroform,1000,0.0625
303.485,1.484975789427175,Chloroform,1000,0.0625
304.98,-4.2046974939814925,Chloroform,1000,0.0625
306.475,-7.920273900119004,Chloroform,1000,0.0625
307.97,-8.430832388534192,Chloroform,1000,0.0625
309.465,-5.7296740924268,Chloroform,1000,0.0625
310.96,0.1607847842017928,Chloroform,1000,0.0625
312.455,9.200123253991976,Chloroform,1000,0.0625
313.95,21.189508216974904,Chloroform,1000,0.0625
315.445,35.937792935653576,Chloroform,1000,0.0625
261.625,41.23877178496072,Chloroform,3000,0.1875
263.12,26.82377732382808,Chloroform,3000,0.1875
264.615,16.016912792783483,Chloroform,3000,0.1875
266.11,8.064111095129267,Chloroform,3000,0.1875
267.605,2.707610141490701,Chloroform,3000,0.1875
269.1,0.2275469308322364,Chloroform,3000,0.1875
270.595,0.0,Chloroform,3000,0.1875
272.09,1.2362134889886711,Chloroform,3000,0.1875
273.585,3.076051469253935,Chloroform,3000,0.1875
275.08,4.333448465898741,Chloroform,3000,0.1875
276.575,4.528604803225907,Chloroform,3000,0.1875
278.07,3.9009440811267417,Chloroform,3000,0.1875
279.565,2.991600397579297,Chloroform,3000,0.1875
281.06,2.4253391252286853,Chloroform,3000,0.1875
282.555,2.475695520583693,Chloroform,3000,0.1875
284.05,2.8874547371247825,Chloroform,3000,0.1875
285.545,3.440366825985926,Chloroform,3000,0.1875
287.04,4.12018008814246,Chloroform,3000,0.1875
288.535,5.042072344170066,Chloroform,3000,0.1875
290.03,6.183662639954399,Chloroform,3000,0.1875
291.525,7.13824552033449,Chloroform,3000,0.1875
293.02,7.719199059936397,Chloroform,3000,0.1875
294.515,7.934585563985028,Chloroform,3000,0.1875
296.01,7.991146789909997,Chloroform,3000,0.1875
297.505,7.92166134084734,Chloroform,3000,0.1875
299.0,6.778659339420376,Chloroform,3000,0.1875
300.495,3.564723365842834,Chloroform,3000,0.1875
301.99,-1.49794145971428,Chloroform,3000,0.1875
303.485,-6.930615133978071,Chloroform,3000,0.1875
304.98,-10.64790622244305,Chloroform,3000,0.1875
306.475,-11.496739818788775,Chloroform,3000,0.1875
307.97,-9.484812732205082,Chloroform,3000,0.1875
309.465,-4.73087185290823,Chloroform,3000,0.1875
310.96,3.0401679658206646,Chloroform,3000,0.1875
312.455,14.27376614975832,Chloroform,3000,0.1875
313.95,28.985946593190068,Chloroform,3000,0.1875
315.445,46.5635167531435,Chloroform,3000,0.1875
261.625,34.06342075824251,Chloroform,5000,0.3125
263.12,22.311057541749683,Chloroform,5000,0.3125
264.615,13.633438061289034,Chloroform,5000,0.3125
266.11,7.712540409385753,Chloroform,5000,0.3125
267.605,3.8847138347755497,Chloroform,5000,0.3125
269.1,1.3224739175327898,Chloroform,5000,0.3125
270.595,0.0525960138903691,Chloroform,5000,0.3125
272.09,0.0,Chloroform,5000,0.3125
273.585,0.2661916644264117,Chloroform,5000,0.3125
275.08,0.0722944501600793,Chloroform,5000,0.3125
276.575,-0.8066117032315034,Chloroform,5000,0.3125
278.07,-2.267212904491039,Chloroform,5000,0.3125
279.565,-3.5932783866641635,Chloroform,5000,0.3125
281.06,-4.362462605814393,Chloroform,5000,0.3125
282.555,-4.607727468981608,Chloroform,5000,0.3125
284.05,-4.454661319626027,Chloroform,5000,0.3125
285.545,-4.093573463289154,Chloroform,5000,0.3125
287.04,-3.826440115559912,Chloroform,5000,0.3125
288.535,-4.033004748779177,Chloroform,5000,0.3125
290.03,-4.848722338747269,Chloroform,5000,0.3125
291.525,-6.0018461259696,Chloroform,5000,0.3125
293.02,-7.115069948834609,Chloroform,5000,0.3125
294.515,-7.8771569496663005,Chloroform,5000,0.3125
296.01,-8.888477989020624,Chloroform,5000,0.3125
297.505,-11.310086986197064,Chloroform,5000,0.3125
299.0,-15.10008647941861,Chloroform,5000,0.3125
300.495,-19.368715410488143,Chloroform,5000,0.3125
301.99,-22.910260820289487,Chloroform,5000,0.3125
303.485,-24.15371437523815,Chloroform,5000,0.3125
304.98,-22.39016850761627,Chloroform,5000,0.3125
306.475,-17.943808632045485,Chloroform,5000,0.3125
307.97,-10.841326628631744,Chloroform,5000,0.3125
309.465,-0.8083306906555485,Chloroform,5000,0.3125
310.96,12.38030676368316,Chloroform,5000,0.3125
312.455,29.03188305694451,Chloroform,5000,0.3125
313.95,49.324270220247946,Chloroform,5000,0.3125
257.14,43.16260806662075,Diethyl ether,10,0.000625
258.635,29.02883846753305,Diethyl ether,10,0.000625
260.13,17.775540434136648,Diethyl ether,10,0.000625
261.625,9.427366287007754,Diethyl ether,10,0.000625
263.12,3.893132216688329,Diethyl ether,10,0.000625
264.615,0.8656411566080955,Diethyl ether,10,0.000625
266.11,0.0,Diethyl ether,10,0.000625
267.605,0.8009934034343313,Diethyl ether,10,0.000625
269.1,2.415167691877897,Diethyl ether,10,0.000625
270.595,3.95966115307262,Diethyl ether,10,0.000625
272.09,4.994556841645728,Diethyl ether,10,0.000625
273.585,5.387227138759908,Diethyl ether,10,0.000625
275.08,5.0508407678204215,Diethyl ether,10,0.000625
276.575,4.244645110962789,Diethyl ether,10,0.000625
278.07,3.1809567550367355,Diethyl ether,10,0.000625
279.565,2.063118501648054,Diethyl ether,10,0.000625
281.06,1.517564547789906,Diethyl ether,10,0.000625
282.555,1.8308411154286264,Diethyl ether,10,0.000625
284.05,2.893285482471981,Diethyl ether,10,0.000625
285.545,4.512229398338462,Diethyl ether,10,0.000625
287.04,6.542490930217049,Diethyl ether,10,0.000625
288.535,8.821045519408528,Diethyl ether,10,0.000625
290.03,11.18651054665886,Diethyl ether,10,0.000625
291.525,13.305407967136215,Diethyl ether,10,0.000625
293.02,15.213888741539694,Diethyl ether,10,0.000625
294.515,16.784765304882438,Diethyl ether,10,0.000625
296.01,17.671521488300392,Diethyl ether,10,0.000625
297.505,17.961728681527887,Diethyl ether,10,0.000625
299.0,17.790211601742143,Diethyl ether,10,0.000625
300.495,17.498475562147057,Diethyl ether,10,0.000625
301.99,18.35441629467752,Diethyl ether,10,0.000625
303.485,19.379469498869984,Diethyl ether,10,0.000625
304.98,17.629262710490988,Diethyl ether,10,0.000625
306.475,12.185660421072251,Diethyl ether,10,0.000625
307.97,3.856721343874892,Diethyl ether,10,0.000625
309.465,-4.999596610738028,Diethyl ether,10,0.000625
310.96,-11.056904209814617,Diethyl ether,10,0.000625
312.455,-13.429315034829196,Diethyl ether,10,0.000625
313.95,-12.994290160676004,Diethyl ether,10,0.000625
315.445,-9.532731701061554,Diethyl ether,10,0.000625
316.94,-2.711007924428221,Diethyl ether,10,0.000625
318.435,7.575159186606012,Diethyl ether,10,0.000625
319.93,21.1320431865002,Diethyl ether,10,0.000625
321.425,37.93453766576965,Diethyl ether,10,0.000625
257.14,47.473165675544266,Diethyl ether,100,0.00625
258.635,32.17081941793863,Diethyl ether,100,0.00625
260.13,20.13559425663372,Diethyl ether,100,0.00625
261.625,11.160665137936098,Diethyl ether,100,0.00625
263.12,4.917979929266133,Diethyl ether,100,0.00625
264.615,1.23457200197881,Diethyl ether,100,0.00625
266.11,0.0,Diethyl ether,100,0.00625
267.605,0.8032032570341894,Diethyl ether,100,0.00625
269.1,2.772889642931812,Diethyl ether,100,0.00625
270.595,4.847290022777196,Diethyl ether,100,0.00625
272.09,6.4168498743520725,Diethyl ether,100,0.00625
273.585,7.151370818841839,Diethyl ether,100,0.00625
275.08,7.032177582739459,Diethyl ether,100,0.00625
276.575,6.286042636750059,Diethyl ether,100,0.00625
278.07,5.196773771736522,Diethyl ether,100,0.00625
279.565,4.298546204311316,Diethyl ether,100,0.00625
281.06,4.069373482622504,Diethyl ether,100,0.00625
282.555,4.596529961963983,Diethyl ether,100,0.00625
284.05,5.776812699806301,Diethyl ether,100,0.00625
285.545,7.378910260961376,Diethyl ether,100,0.00625
287.04,9.009036612405607,Diethyl ether,100,0.00625
288.535,10.484277729571309,Diethyl ether,100,0.00625
290.03,11.70057388807489,Diethyl ether,100,0.00625
291.525,12.746653382596287,Diethyl ether,100,0.00625
293.02,13.650934740492358,Diethyl ether,100,0.00625
294.515,14.201267989704496,Diethyl ether,100,0.00625
296.01,14.20531848043814,Diethyl ether,100,0.00625
297.505,13.787590673647342,Diethyl ether,100,0.00625
299.0,13.465996036830374,Diethyl ether,100,0.00625
300.495,13.809432367706902,Diethyl ether,100,0.00625
301.99,15.34344818127392,Diethyl ether,100,0.00625
303.485,16.909751499339137,Diethyl ether,100,0.00625
304.98,16.142328868563773,Diethyl ether,100,0.00625
306.475,12.122339917067317,Diethyl ether,100,0.00625
307.97,5.625840372484111,Diethyl ether,100,0.00625
309.465,-1.394186937025716,Diethyl ether,100,0.00625
310.96,-5.900917180433707,Diethyl ether,100,0.00625
312.455,-6.574406330327811,Diethyl ether,100,0.00625
313.95,-4.08451626419148,Diethyl ether,100,0.00625
315.445,1.4809479720913572,Diethyl ether,100,0.00625
316.94,10.284293695441564,Diethyl ether,100,0.00625
318.435,22.450099205451156,Diethyl ether,100,0.00625
319.93,38.20372495852201,Diethyl ether,100,0.00625
255.645,41.09142794860843,Diethyl ether,1000,0.0625
257.14,27.343207689222435,Diethyl ether,1000,0.0625
258.635,16.51216662415769,Diethyl ether,1000,0.0625
260.13,8.694745768751819,Diethyl ether,1000,0.0625
261.625,3.580717328707216,Diethyl ether,1000,0.0625
263.12,0.8247118138305058,Diethyl ether,1000,0.0625
264.615,0.0,Diethyl ether,1000,0.0625
266.11,0.3867607815171876,Diethyl ether,1000,0.0625
267.605,1.537299883753004,Diethyl ether,1000,0.0625
269.1,2.9024404362384573,Diethyl ether,1000,0.0625
270.595,4.049017402417938,Diethyl ether,1000,0.0625
272.09,4.758674613424827,Diethyl ether,1000,0.0625
273.585,4.622577737249117,Diethyl ether,1000,0.0625
275.08,3.6720023808912,Diethyl ether,1000,0.0625
276.575,2.479681626965398,Diethyl ether,1000,0.0625
278.07,1.445032815360365,Diethyl ether,1000,0.0625
279.565,1.0496927911491944,Diethyl ether,1000,0.0625
281.06,1.3624831095437866,Diethyl ether,1000,0.0625
282.555,2.18254511875978,Diethyl ether,1000,0.0625
284.05,3.46340391294199,Diethyl ether,1000,0.0625
285.545,4.797244011244699,Diethyl ether,1000,0.0625
287.04,5.800421432771872,Diethyl ether,1000,0.0625
288.535,6.508037249468327,Diethyl ether,1000,0.0625
290.03,6.980727116059658,Diethyl ether,1000,0.0625
291.525,7.195020422713455,Diethyl ether,1000,0.0625
293.02,7.065426308697855,Diethyl ether,1000,0.0625
294.515,6.512574670423119,Diethyl ether,1000,0.0625
296.01,5.779254729251395,Diethyl ether,1000,0.0625
297.505,5.319448904780019,Diethyl ether,1000,0.0625
299.0,5.613733853993013,Diethyl ether,1000,0.0625
300.495,6.66650875988217,Diethyl ether,1000,0.0625
301.99,7.140981357474182,Diethyl ether,1000,0.0625
303.485,5.4618733327467766,Diethyl ether,1000,0.0625
304.98,1.5727510074199813,Diethyl ether,1000,0.0625
306.475,-3.5437158813673086,Diethyl ether,1000,0.0625
307.97,-7.879238657444064,Diethyl ether,1000,0.0625
309.465,-9.316796410600093,Diethyl ether,1000,0.0625
310.96,-7.553656830109259,Diethyl ether,1000,0.0625
312.455,-3.0493517386072195,Diethyl ether,1000,0.0625
313.95,4.459291339104475,Diethyl ether,1000,0.0625
315.445,15.369222039718064,Diethyl ether,1000,0.0625
316.94,29.900425154844985,Diethyl ether,1000,0.0625
318.435,47.675488554697765,Diethyl ether,1000,0.0625
257.14,41.86211873758789,Diethyl ether,2000,0.125
258.635,28.287930825120107,Diethyl ether,2000,0.125
260.13,17.580814739481127,Diethyl ether,2000,0.125
261.625,9.661577687532864,Diethyl ether,2000,0.125
263.12,4.448657765356492,Diethyl ether,2000,0.125
264.615,1.3929750596287374,Diethyl ether,2000,0.125
266.11,0.0,Diethyl ether,2000,0.125
267.605,0.0471669339622042,Diethyl ether,2000,0.125
269.1,1.255138495941015,Diethyl ether,2000,0.125
270.595,2.8435191765089947,Diethyl ether,2000,0.125
272.09,3.960196289575448,Diethyl ether,2000,0.125
273.585,3.987529040135538,Diethyl ether,2000,0.125
275.08,3.003215266607885,Diethyl ether,2000,0.125
276.575,1.695894190953874,Diethyl ether,2000,0.125
278.07,0.6979477124842415,Diethyl ether,2000,0.125
279.565,0.4259169618377019,Diethyl ether,2000,0.125
281.06,0.7910917376537299,Diethyl ether,2000,0.125
282.555,1.4384466693867086,Diethyl ether,2000,0.125
284.05,2.2531032866470486,Diethyl ether,2000,0.125
285.545,3.291739556358289,Diethyl ether,2000,0.125
287.04,4.285744939953599,Diethyl ether,2000,0.125
288.535,5.20535782575543,Diethyl ether,2000,0.125
290.03,6.216137098978773,Diethyl ether,2000,0.125
291.525,7.092597013495066,Diethyl ether,2000,0.125
293.02,7.605456220824836,Diethyl ether,2000,0.125
294.515,7.880878829647974,Diethyl ether,2000,0.125
296.01,7.91929313090194,Diethyl ether,2000,0.125
297.505,7.767060719602666,Diethyl ether,2000,0.125
299.0,8.420312796301024,Diethyl ether,2000,0.125
300.495,9.351023105688444,Diethyl ether,2000,0.125
301.99,8.630909543079985,Diethyl ether,2000,0.125
303.485,5.587079329775749,Diethyl ether,2000,0.125
304.98,0.5603875734026644,Diethyl ether,2000,0.125
306.475,-4.898577877532913,Diethyl ether,2000,0.125
307.97,-8.162842403347,Diethyl ether,2000,0.125
309.465,-7.986896978830598,Diethyl ether,2000,0.125
310.96,-4.686382935125682,Diethyl ether,2000,0.125
312.455,1.7904304511941795,Diethyl ether,2000,0.125
313.95,11.602797011119527,Diethyl ether,2000,0.125
315.445,24.878493695847027,Diethyl ether,2000,0.125
316.94,41.52925776119411,Diethyl ether,2000,0.125
257.14,41.4525118327875,Diethyl ether,3000,0.1875
258.635,29.03384526321192,Diethyl ether,3000,0.1875
260.13,19.38898821989126,Diethyl ether,3000,0.1875
261.625,12.210518874473186,Diethyl ether,3000,0.1875
263.12,7.022207164091586,Diethyl ether,3000,0.1875
264.615,3.331426308077968,Diethyl ether,3000,0.1875
266.11,1.1035097909426828,Diethyl ether,3000,0.1875
267.605,0.118157117224118,Diethyl ether,3000,0.1875
269.1,0.0,Diethyl ether,3000,0.1875
270.595,0.4381729755184811,Diethyl ether,3000,0.1875
272.09,0.8655116116791768,Diethyl ether,3000,0.1875
273.585,0.9887203270758156,Diethyl ether,3000,0.1875
275.08,0.9202061063802698,Diethyl ether,3000,0.1875
276.575,0.7777453703643296,Diethyl ether,3000,0.1875
278.07,0.6331756185327462,Diethyl ether,3000,0.1875
279.565,0.557098810903528,Diethyl ether,3000,0.1875
281.06,0.6325666275859811,Diethyl ether,3000,0.1875
282.555,0.9914657413499328,Diethyl ether,3000,0.1875
284.05,1.7624338383819702,Diethyl ether,3000,0.1875
285.545,3.0016425118071104,Diethyl ether,3000,0.1875
287.04,4.622905466915418,Diethyl ether,3000,0.1875
288.535,6.129138035537533,Diethyl ether,3000,0.1875
290.03,7.030417260445828,Diethyl ether,3000,0.1875
291.525,7.291790998168713,Diethyl ether,3000,0.1875
293.02,7.132077626163257,Diethyl ether,3000,0.1875
294.515,6.973121488379713,Diethyl ether,3000,0.1875
296.01,7.245653072534456,Diethyl ether,3000,0.1875
297.505,8.561431329727455,Diethyl ether,3000,0.1875
299.0,10.09512289904878,Diethyl ether,3000,0.1875
300.495,9.984460967879192,Diethyl ether,3000,0.1875
301.99,7.580916025490474,Diethyl ether,3000,0.1875
303.485,3.649781395007484,Diethyl ether,3000,0.1875
304.98,-0.060549508721529,Diethyl ether,3000,0.1875
306.475,-0.9950503872037296,Diethyl ether,3000,0.1875
307.97,1.874348585307956,Diethyl ether,3000,0.1875
309.465,8.042087273948248,Diethyl ether,3000,0.1875
310.96,17.497925162696056,Diethyl ether,3000,0.1875
312.455,30.14314904051152,Diethyl ether,3000,0.1875
313.95,45.96395096462401,Diethyl ether,3000,0.1875
258.635,38.90776320878471,Diethyl ether,5000,0.3125
260.13,26.41302243419506,Diethyl ether,5000,0.3125
261.625,16.400505803266253,Diethyl ether,5000,0.3125
263.12,8.924842800974819,Diethyl ether,5000,0.3125
264.615,3.9095608483369473,Diethyl ether,5000,0.3125
266.11,1.0975537731605876,Diethyl ether,5000,0.3125
267.605,0.0004361965997943,Diethyl ether,5000,0.3125
269.1,0.0,Diethyl ether,5000,0.3125
270.595,0.6666613063427534,Diethyl ether,5000,0.3125
272.09,1.3672758297512573,Diethyl ether,5000,0.3125
273.585,1.501889159921932,Diethyl ether,5000,0.3125
275.08,1.1339561003789722,Diethyl ether,5000,0.3125
276.575,0.6173714698052631,Diethyl ether,5000,0.3125
278.07,0.2061277477337875,Diethyl ether,5000,0.3125
279.565,0.1994298257412468,Diethyl ether,5000,0.3125
281.06,0.7932808531352286,Diethyl ether,5000,0.3125
282.555,1.6913286159633274,Diethyl ether,5000,0.3125
284.05,2.877626197374336,Diethyl ether,5000,0.3125
285.545,4.557658827628502,Diethyl ether,5000,0.3125
287.04,6.301038129719178,Diethyl ether,5000,0.3125
288.535,7.583158803992362,Diethyl ether,5000,0.3125
290.03,8.574949921883034,Diethyl ether,5000,0.3125
291.525,9.299304676894588,Diethyl ether,5000,0.3125
293.02,9.866964593635087,Diethyl ether,5000,0.3125
294.515,11.006467017100624,Diethyl ether,5000,0.3125
296.01,12.445125907848755,Diethyl ether,5000,0.3125
297.505,13.178965744399646,Diethyl ether,5000,0.3125
299.0,12.3995396144344,Diethyl ether,5000,0.3125
300.495,9.658519725610214,Diethyl ether,5000,0.3125
301.99,5.492429543909442,Diethyl ether,5000,0.3125
303.485,1.6834049181941042,Diethyl ether,5000,0.3125
304.98,-0.0568404973867121,Diethyl ether,5000,0.3125
306.475,1.1727414227279005,Diethyl ether,5000,0.3125
307.97,5.552515968253357,Diethyl ether,5000,0.3125
309.465,12.868123339694687,Diethyl ether,5000,0.3125
310.96,23.155552578345667,Diethyl ether,5000,0.3125
312.455,36.68786534707605,Diethyl ether,5000,0.3125
257.14,49.2235307767908,Ethylene,10,0.000625
258.635,33.64451613642449,Ethylene,10,0.000625
260.13,21.425669442323944,Ethylene,10,0.000625
261.625,12.255370302440632,Ethylene,10,0.000625
263.12,5.754267968706948,Ethylene,10,0.000625
264.615,1.762052965249385,Ethylene,10,0.000625
266.11,0.0,Ethylene,10,0.000625
267.605,0.1265467196115608,Ethylene,10,0.000625
269.1,1.7965337038267997,Ethylene,10,0.000625
270.595,4.104829561682834,Ethylene,10,0.000625
272.09,5.966895094908743,Ethylene,10,0.000625
273.585,7.004770326356969,Ethylene,10,0.000625
275.08,7.09159248353221,Ethylene,10,0.000625
276.575,6.226124495286065,Ethylene,10,0.000625
278.07,4.856304043536461,Ethylene,10,0.000625
279.565,3.3013346303863718,Ethylene,10,0.000625
281.06,1.911695191123556,Ethylene,10,0.000625
282.555,1.2942728604078653,Ethylene,10,0.000625
284.05,1.4873916703403154,Ethylene,10,0.000625
285.545,2.098380400661384,Ethylene,10,0.000625
287.04,3.041484811943505,Ethylene,10,0.000625
288.535,4.2854192423915975,Ethylene,10,0.000625
290.03,5.698563666469724,Ethylene,10,0.000625
291.525,7.213720858779968,Ethylene,10,0.000625
293.02,8.687633517208432,Ethylene,10,0.000625
294.515,9.721435463324571,Ethylene,10,0.000625
296.01,10.027326205174958,Ethylene,10,0.000625
297.505,9.569062157644725,Ethylene,10,0.000625
299.0,8.470512015019786,Ethylene,10,0.000625
300.495,7.134660613482755,Ethylene,10,0.000625
301.99,6.20023691571263,Ethylene,10,0.000625
303.485,6.4812012985048,Ethylene,10,0.000625
304.98,6.8588915077866375,Ethylene,10,0.000625
306.475,5.004951626974481,Ethylene,10,0.000625
307.97,0.067067753149594,Ethylene,10,0.000625
309.465,-7.366225798932568,Ethylene,10,0.000625
310.96,-15.227882983869966,Ethylene,10,0.000625
312.455,-20.389820337853383,Ethylene,10,0.000625
313.95,-21.82674619670532,Ethylene,10,0.000625
315.445,-20.16523763946036,Ethylene,10,0.000625
316.94,-15.255492786179484,Ethylene,10,0.000625
318.435,-6.911768263326767,Ethylene,10,0.000625
319.93,4.891845649929305,Ethylene,10,0.000625
321.425,20.129481222781926,Ethylene,10,0.000625
322.92,38.80113845523107,Ethylene,10,0.000625
257.14,42.86448367287704,Ethylene,100,0.00625
260.13,25.228230297475825,Ethylene,100,0.00625
261.625,12.06353708552524,Ethylene,100,0.00625
263.12,4.073898494363206,Ethylene,100,0.00625
264.615,1.683766162582771,Ethylene,100,0.00625
266.11,0.0,Ethylene,100,0.00625
267.605,0.0472231649593481,Ethylene,100,0.00625
269.1,1.255345903541475,Ethylene,100,0.00625
270.595,3.1077542911951177,Ethylene,100,0.00625
272.09,5.40253971736292,Ethylene,100,0.00625
273.585,7.452418788062008,Ethylene,100,0.00625
275.08,8.647906263336608,Ethylene,100,0.00625
276.575,8.854286716570353,Ethylene,100,0.00625
278.07,7.983299762922439,Ethylene,100,0.00625
279.565,6.564004686569348,Ethylene,100,0.00625
281.06,5.455512756435731,Ethylene,100,0.00625
282.555,4.90829687854697,Ethylene,100,0.00625
284.05,4.653713292689574,Ethylene,100,0.00625
285.545,4.613603172318847,Ethylene,100,0.00625
287.04,4.770813747374145,Ethylene,100,0.00625
288.535,4.996060090588358,Ethylene,100,0.00625
290.03,5.23986946395927,Ethylene,100,0.00625
291.525,5.741350049371079,Ethylene,100,0.00625
293.02,6.468790702899945,Ethylene,100,0.00625
294.515,7.175444715151851,Ethylene,100,0.00625
296.01,7.650505144208605,Ethylene,100,0.00625
297.505,7.6002438240173795,Ethylene,100,0.00625
299.0,7.085163881108684,Ethylene,100,0.00625
300.495,6.623450749497359,Ethylene,100,0.00625
301.99,7.313404235846928,Ethylene,100,0.00625
303.485,8.036486528692357,Ethylene,100,0.00625
304.98,6.304535928051781,Ethylene,100,0.00625
306.475,1.4268640371926082,Ethylene,100,0.00625
307.97,-5.842396469584328,Ethylene,100,0.00625
309.465,-13.436786213917497,Ethylene,100,0.00625
310.96,-18.692045966308328,Ethylene,100,0.00625
312.455,-20.75265791697728,Ethylene,100,0.00625
313.95,-19.900753760779885,Ethylene,100,0.00625
315.445,-15.955687799869713,Ethylene,100,0.00625
316.94,-8.677127137910734,Ethylene,100,0.00625
318.435,2.1288402962359925,Ethylene,100,0.00625
319.93,16.34052073472153,Ethylene,100,0.00625
321.425,33.95298513643422,Ethylene,100,0.00625
255.645,38.98305561765905,Ethylene,1000,0.0625
257.14,25.23430987200581,Ethylene,1000,0.0625
258.635,14.764163790989858,Ethylene,1000,0.0625
260.13,7.29030499420552,Ethylene,1000,0.0625
261.625,2.6183335929008065,Ethylene,1000,0.0625
263.12,0.3721380421353712,Ethylene,1000,0.0625
264.615,0.0,Ethylene,1000,0.0625
266.11,0.9789901074502438,Ethylene,1000,0.0625
267.605,2.959270304434708,Ethylene,1000,0.0625
269.1,5.275967660985347,Ethylene,1000,0.0625
270.595,6.876166864118399,Ethylene,1000,0.0625
272.09,7.210892346545363,Ethylene,1000,0.0625
273.585,6.362705314861855,Ethylene,1000,0.0625
275.08,4.807833544245006,Ethylene,1000,0.0625
276.575,3.4634156964418823,Ethylene,1000,0.0625
278.07,2.994667690287751,Ethylene,1000,0.0625
279.565,3.319089296752135,Ethylene,1000,0.0625
281.06,4.25135792586869,Ethylene,1000,0.0625
282.555,5.4841933863829295,Ethylene,1000,0.0625
284.05,6.624923427471482,Ethylene,1000,0.0625
285.545,7.678496734862274,Ethylene,1000,0.0625
287.04,8.518376447887277,Ethylene,1000,0.0625
288.535,9.014701014407072,Ethylene,1000,0.0625
290.03,9.300482621030897,Ethylene,1000,0.0625
291.525,9.272315708923667,Ethylene,1000,0.0625
293.02,8.829783331855033,Ethylene,1000,0.0625
294.515,8.159892771071885,Ethylene,1000,0.0625
296.01,7.384140843843173,Ethylene,1000,0.0625
297.505,6.7592294993042215,Ethylene,1000,0.0625
299.0,7.107628115082995,Ethylene,1000,0.0625
300.495,7.729336222850443,Ethylene,1000,0.0625
301.99,6.925808413726933,Ethylene,1000,0.0625
303.485,4.148864345019894,Ethylene,1000,0.0625
304.98,-0.0089286860162269,Ethylene,1000,0.0625
306.475,-4.109468887085882,Ethylene,1000,0.0625
307.97,-5.810430788428162,Ethylene,1000,0.0625
309.465,-4.225727951871278,Ethylene,1000,0.0625
310.96,0.4263840190017172,Ethylene,1000,0.0625
312.455,8.430519890040436,Ethylene,1000,0.0625
313.95,19.408150279104856,Ethylene,1000,0.0625
315.445,33.08578272872059,Ethylene,1000,0.0625
316.94,49.58160169264272,Ethylene,1000,0.0625
260.13,49.86466714092025,Ethylene,5000,0.3125
261.625,34.70338383157842,Ethylene,5000,0.3125
263.12,22.445272208802443,Ethylene,5000,0.3125
264.615,12.99446708662684,Ethylene,5000,0.3125
266.11,6.633288020774369,Ethylene,5000,0.3125
267.605,2.810053029451879,Ethylene,5000,0.3125
269.1,0.873915742798463,Ethylene,5000,0.3125
270.595,0.1609855007368743,Ethylene,5000,0.3125
272.09,0.0,Ethylene,5000,0.3125
273.585,0.057689822832895,Ethylene,5000,0.3125
275.08,-0.0899208294655018,Ethylene,5000,0.3125
276.575,-0.539528777201447,Ethylene,5000,0.3125
278.07,-1.211408816151522,Ethylene,5000,0.3125
279.565,-2.238967401454186,Ethylene,5000,0.3125
281.06,-3.2241187148231347,Ethylene,5000,0.3125
282.555,-3.726164496470528,Ethylene,5000,0.3125
284.05,-3.7273307643863376,Ethylene,5000,0.3125
285.545,-3.2809220356908355,Ethylene,5000,0.3125
287.04,-2.659974617545004,Ethylene,5000,0.3125
288.535,-2.231500916800158,Ethylene,5000,0.3125
290.03,-2.176747016936499,Ethylene,5000,0.3125
291.525,-2.613615725844859,Ethylene,5000,0.3125
293.02,-3.372670722262562,Ethylene,5000,0.3125
294.515,-3.819901269271256,Ethylene,5000,0.3125
296.01,-4.585708067482511,Ethylene,5000,0.3125
297.505,-7.043192138798307,Ethylene,5000,0.3125
299.0,-11.27412881112516,Ethylene,5000,0.3125
300.495,-16.352517656881485,Ethylene,5000,0.3125
301.99,-20.775251751335265,Ethylene,5000,0.3125
303.485,-22.57530315634747,Ethylene,5000,0.3125
304.98,-21.20718888355951,Ethylene,5000,0.3125
306.475,-17.463424287877412,Ethylene,5000,0.3125
307.97,-11.198621417798526,Ethylene,5000,0.3125
309.465,-1.893579280263566,Ethylene,5000,0.3125
310.96,10.488499162231795,Ethylene,5000,0.3125
312.455,25.975371885368403,Ethylene,5000,0.3125
313.95,44.67502340398579,Ethylene,5000,0.3125
257.14,47.26882622304648,Nitrogen,10,0.000625
258.635,32.18983662705244,Nitrogen,10,0.000625
260.13,20.32567343998432,Nitrogen,10,0.000625
261.625,11.424915141365709,Nitrogen,10,0.000625
263.12,5.244383936127045,Nitrogen,10,0.000625
264.615,1.569743898685083,Nitrogen,10,0.000625
266.11,0.0,Nitrogen,10,0.000625
267.605,0.161514236427374,Nitrogen,10,0.000625
269.1,1.6194372761969262,Nitrogen,10,0.000625
270.595,3.635121608156343,Nitrogen,10,0.000625
272.09,5.556889754508175,Nitrogen,10,0.000625
273.585,6.87876036311423,Nitrogen,10,0.000625
275.08,7.217903147077591,Nitrogen,10,0.000625
276.575,6.493970584180635,Nitrogen,10,0.000625
278.07,5.058742659652138,Nitrogen,10,0.000625
279.565,3.553148455216432,Nitrogen,10,0.000625
281.06,2.4643522357673486,Nitrogen,10,0.000625
282.555,2.0352424544086016,Nitrogen,10,0.000625
284.05,2.487238152858117,Nitrogen,10,0.000625
285.545,3.6396873560931287,Nitrogen,10,0.000625
287.04,5.258089147743855,Nitrogen,10,0.000625
288.535,7.201106032587182,Nitrogen,10,0.000625
290.03,8.95266584155736,Nitrogen,10,0.000625
291.525,10.286139096223918,Nitrogen,10,0.000625
293.02,11.39672954224019,Nitrogen,10,0.000625
294.515,12.035063546406034,Nitrogen,10,0.000625
296.01,12.05284560161864,Nitrogen,10,0.000625
297.505,11.68491372285988,Nitrogen,10,0.000625
299.0,11.160475621707269,Nitrogen,10,0.000625
300.495,10.839182244662275,Nitrogen,10,0.000625
301.99,10.946472822918038,Nitrogen,10,0.000625
303.485,11.993209519575204,Nitrogen,10,0.000625
304.98,13.017334357985536,Nitrogen,10,0.000625
306.475,11.807098763300855,Nitrogen,10,0.000625
307.97,7.646604985439263,Nitrogen,10,0.000625
309.465,1.101412370720709,Nitrogen,10,0.000625
310.96,-5.915807945329577,Nitrogen,10,0.000625
312.455,-10.103812405044811,Nitrogen,10,0.000625
313.95,-10.241817715351583,Nitrogen,10,0.000625
315.445,-7.281945391041019,Nitrogen,10,0.000625
316.94,-1.2899736113749647,Nitrogen,10,0.000625
318.435,7.8227049225164915,Nitrogen,10,0.000625
319.93,20.109394509872665,Nitrogen,10,0.000625
321.425,35.923037409793665,Nitrogen,10,0.000625
258.635,35.22733437708856,Nitrogen,50,0.003125
260.13,22.632202736967063,Nitrogen,50,0.003125
261.625,13.026584041299692,Nitrogen,50,0.003125
263.12,6.263587365836909,Nitrogen,50,0.003125
264.615,2.099452205404223,Nitrogen,50,0.003125
266.11,0.1730303619876672,Nitrogen,50,0.003125
267.605,0.0,Nitrogen,50,0.003125
269.1,0.9893213965218236,Nitrogen,50,0.003125
270.595,2.6975661688848724,Nitrogen,50,0.003125
272.09,4.612016590937721,Nitrogen,50,0.003125
273.585,5.96160036494646,Nitrogen,50,0.003125
275.08,6.4974562158276825,Nitrogen,50,0.003125
276.575,6.319066274947616,Nitrogen,50,0.003125
278.07,5.594075913088474,Nitrogen,50,0.003125
279.565,4.786389309513844,Nitrogen,50,0.003125
281.06,4.316828516775892,Nitrogen,50,0.003125
282.555,4.255844901633754,Nitrogen,50,0.003125
284.05,4.797645867267278,Nitrogen,50,0.003125
285.545,5.897973051494539,Nitrogen,50,0.003125
287.04,7.273442717676531,Nitrogen,50,0.003125
288.535,8.71652336880944,Nitrogen,50,0.003125
290.03,10.00779208800964,Nitrogen,50,0.003125
291.525,11.217044294304866,Nitrogen,50,0.003125
293.02,12.35034850049462,Nitrogen,50,0.003125
294.515,13.240476641991844,Nitrogen,50,0.003125
296.01,13.620964802283993,Nitrogen,50,0.003125
297.505,13.29214917894117,Nitrogen,50,0.003125
299.0,12.474464785906957,Nitrogen,50,0.003125
300.495,11.682507201786256,Nitrogen,50,0.003125
301.99,11.325971394934667,Nitrogen,50,0.003125
303.485,12.282511070827244,Nitrogen,50,0.003125
304.98,13.53758356753021,Nitrogen,50,0.003125
306.475,12.49414576646955,Nitrogen,50,0.003125
307.97,8.324970856187683,Nitrogen,50,0.003125
309.465,1.437168218478142,Nitrogen,50,0.003125
310.96,-6.228544100483095,Nitrogen,50,0.003125
312.455,-11.285832236125644,Nitrogen,50,0.003125
313.95,-12.582742615599932,Nitrogen,50,0.003125
315.445,-10.80215474457744,Nitrogen,50,0.003125
316.94,-5.94718234174437,Nitrogen,50,0.003125
318.435,1.9985169710608712,Nitrogen,50,0.003125
319.93,13.289458762039809,Nitrogen,50,0.003125
321.425,28.35155943203766,Nitrogen,50,0.003125
322.92,47.34530055102047,Nitrogen,50,0.003125
258.635,37.98924716994986,Nitrogen,100,0.00625
260.13,24.95906752455017,Nitrogen,100,0.00625
261.625,14.724746329267372,Nitrogen,100,0.00625
263.12,7.3541298412005425,Nitrogen,100,0.00625
264.615,2.720381709032264,Nitrogen,100,0.00625
266.11,0.4078220858333736,Nitrogen,100,0.00625
267.605,0.0,Nitrogen,100,0.00625
269.1,0.7707559980598262,Nitrogen,100,0.00625
270.595,2.203958974499386,Nitrogen,100,0.00625
272.09,3.941656995490387,Nitrogen,100,0.00625
273.585,5.191748396397212,Nitrogen,100,0.00625
275.08,5.830308344556297,Nitrogen,100,0.00625
276.575,6.016220782735591,Nitrogen,100,0.00625
278.07,5.558195015382164,Nitrogen,100,0.00625
279.565,4.868490260264185,Nitrogen,100,0.00625
281.06,4.367041113857585,Nitrogen,100,0.00625
282.555,3.9129080820152335,Nitrogen,100,0.00625
284.05,3.8494931208580994,Nitrogen,100,0.00625
285.545,4.486203329009941,Nitrogen,100,0.00625
287.04,5.633524139186957,Nitrogen,100,0.00625
288.535,7.133839521705514,Nitrogen,100,0.00625
290.03,8.65898907213931,Nitrogen,100,0.00625
291.525,9.998082981631896,Nitrogen,100,0.00625
293.02,11.220290153095348,Nitrogen,100,0.00625
294.515,12.153242777580832,Nitrogen,100,0.00625
296.01,12.550505690435855,Nitrogen,100,0.00625
297.505,12.34601253319718,Nitrogen,100,0.00625
299.0,11.686669764689,Nitrogen,100,0.00625
300.495,10.995783239812337,Nitrogen,100,0.00625
301.99,10.639628316732566,Nitrogen,100,0.00625
303.485,11.064427927883894,Nitrogen,100,0.00625
304.98,11.700612266491737,Nitrogen,100,0.00625
306.475,10.68719145839582,Nitrogen,100,0.00625
307.97,7.011870765379388,Nitrogen,100,0.00625
309.465,1.1701706433222867,Nitrogen,100,0.00625
310.96,-5.364823499093713,Nitrogen,100,0.00625
312.455,-10.155712111411429,Nitrogen,100,0.00625
313.95,-11.610480212839391,Nitrogen,100,0.00625
315.445,-9.601996268835473,Nitrogen,100,0.00625
316.94,-4.09313098719608,Nitrogen,100,0.00625
318.435,4.860219821275148,Nitrogen,100,0.00625
319.93,16.961931495500547,Nitrogen,100,0.00625
321.425,31.98656607500237,Nitrogen,100,0.00625
257.14,46.20091389409377,Nitrogen,500,0.03125
258.635,31.21154631614478,Nitrogen,500,0.03125
260.13,19.50797424027545,Nitrogen,500,0.03125
261.625,10.936099022115313,Nitrogen,500,0.03125
263.12,5.090188335405109,Nitrogen,500,0.03125
264.615,1.5306026122582068,Nitrogen,500,0.03125
266.11,0.0,Nitrogen,500,0.03125
267.605,0.2409457634811893,Nitrogen,500,0.03125
269.1,1.724340638985744,Nitrogen,500,0.03125
270.595,3.802403372193172,Nitrogen,500,0.03125
272.09,6.00876271898289,Nitrogen,500,0.03125
273.585,8.11153363651069,Nitrogen,500,0.03125
275.08,9.860000408168585,Nitrogen,500,0.03125
276.575,10.880301479249074,Nitrogen,500,0.03125
278.07,11.118300393008536,Nitrogen,500,0.03125
279.565,10.845732586784194,Nitrogen,500,0.03125
281.06,10.474423761741438,Nitrogen,500,0.03125
282.555,10.558324471836528,Nitrogen,500,0.03125
284.05,11.276570747234,Nitrogen,500,0.03125
285.545,12.23815185545347,Nitrogen,500,0.03125
287.04,13.187268852288522,Nitrogen,500,0.03125
288.535,14.075149095189872,Nitrogen,500,0.03125
290.03,14.918153080106872,Nitrogen,500,0.03125
291.525,15.846765468024357,Nitrogen,500,0.03125
293.02,17.122806793226772,Nitrogen,500,0.03125
294.515,18.690841555083043,Nitrogen,500,0.03125
296.01,19.97280513731652,Nitrogen,500,0.03125
297.505,20.64909024703656,Nitrogen,500,0.03125
299.0,20.82034806359186,Nitrogen,500,0.03125
300.495,20.735808871117303,Nitrogen,500,0.03125
301.99,21.60617033480334,Nitrogen,500,0.03125
303.485,22.74282676807592,Nitrogen,500,0.03125
304.98,21.309978232656693,Nitrogen,500,0.03125
306.475,16.026637836030282,Nitrogen,500,0.03125
307.97,7.407474454108431,Nitrogen,500,0.03125
309.465,-2.249252812194268,Nitrogen,500,0.03125
310.96,-9.520300786004547,Nitrogen,500,0.03125
312.455,-13.146614216284195,Nitrogen,500,0.03125
313.95,-13.650329920563514,Nitrogen,500,0.03125
315.445,-11.101145617316009,Nitrogen,500,0.03125
316.94,-5.416336432102547,Nitrogen,500,0.03125
318.435,3.6932977604982256,Nitrogen,500,0.03125
319.93,16.244617442448753,Nitrogen,500,0.03125
321.425,32.22750588698008,Nitrogen,500,0.03125
257.14,44.50916064456386,Nitrogen,1000,0.0625
258.635,30.119061556865987,Nitrogen,1000,0.0625
260.13,18.92355905840409,Nitrogen,1000,0.0625
261.625,10.641837863476512,Nitrogen,1000,0.0625
263.12,4.883308346157635,Nitrogen,1000,0.0625
264.615,1.4179090927078253,Nitrogen,1000,0.0625
266.11,0.0,Nitrogen,1000,0.0625
267.605,0.2721566307257941,Nitrogen,1000,0.0625
269.1,1.7112961603332604,Nitrogen,1000,0.0625
270.595,3.802532085878296,Nitrogen,1000,0.0625
272.09,6.043541525109889,Nitrogen,1000,0.0625
273.585,7.947793741829722,Nitrogen,1000,0.0625
275.08,9.129253235851309,Nitrogen,1000,0.0625
276.575,9.391893554986938,Nitrogen,1000,0.0625
278.07,8.92625173966866,Nitrogen,1000,0.0625
279.565,8.247935254375117,Nitrogen,1000,0.0625
281.06,7.859318678378608,Nitrogen,1000,0.0625
282.555,8.064077000132771,Nitrogen,1000,0.0625
284.05,8.854557647961608,Nitrogen,1000,0.0625
285.545,10.12297019598754,Nitrogen,1000,0.0625
287.04,11.748266880683426,Nitrogen,1000,0.0625
288.535,13.552530393791018,Nitrogen,1000,0.0625
290.03,15.21353051691742,Nitrogen,1000,0.0625
291.525,16.462046852167155,Nitrogen,1000,0.0625
293.02,17.32655104677042,Nitrogen,1000,0.0625
294.515,17.789593674151995,Nitrogen,1000,0.0625
296.01,17.681243128892277,Nitrogen,1000,0.0625
297.505,17.195364588283944,Nitrogen,1000,0.0625
299.0,16.687112903022864,Nitrogen,1000,0.0625
300.495,16.53671868959941,Nitrogen,1000,0.0625
301.99,17.834322441925544,Nitrogen,1000,0.0625
303.485,19.47781986682704,Nitrogen,1000,0.0625
304.98,18.464183093257425,Nitrogen,1000,0.0625
306.475,13.641596804826046,Nitrogen,1000,0.0625
307.97,5.835033674281911,Nitrogen,1000,0.0625
309.465,-2.627312591828084,Nitrogen,1000,0.0625
310.96,-8.461832315376961,Nitrogen,1000,0.0625
312.455,-10.573592169405078,Nitrogen,1000,0.0625
313.95,-9.821450087355498,Nitrogen,1000,0.0625
315.445,-6.177837443629835,Nitrogen,1000,0.0625
316.94,0.7537087116315622,Nitrogen,1000,0.0625
318.435,11.28712722186342,Nitrogen,1000,0.0625
319.93,25.367774266974884,Nitrogen,1000,0.0625
321.425,42.5522989536539,Nitrogen,1000,0.0625
260.13,37.09206157591069,Nitrogen,5000,0.3125
261.625,24.602002188418947,Nitrogen,5000,0.3125
263.12,14.97082309153161,Nitrogen,5000,0.3125
264.615,7.930656502838389,Nitrogen,5000,0.3125
266.11,3.2649682738304904,Nitrogen,5000,0.3125
267.605,0.7814571619148936,Nitrogen,5000,0.3125
269.1,0.0,Nitrogen,5000,0.3125
270.595,0.3811451736976199,Nitrogen,5000,0.3125
272.09,1.5351983509535998,Nitrogen,5000,0.3125
273.585,2.934630109363706,Nitrogen,5000,0.3125
275.08,4.010113449286887,Nitrogen,5000,0.3125
276.575,4.785624260891467,Nitrogen,5000,0.3125
278.07,5.1692048000610455,Nitrogen,5000,0.3125
279.565,4.813204050504304,Nitrogen,5000,0.3125
281.06,4.008009794500051,Nitrogen,5000,0.3125
282.555,3.178970516613017,Nitrogen,5000,0.3125
284.05,2.4424565370707043,Nitrogen,5000,0.3125
285.545,2.2732124615200853,Nitrogen,5000,0.3125
287.04,2.5457454494731024,Nitrogen,5000,0.3125
288.535,2.720291885412731,Nitrogen,5000,0.3125
290.03,2.8538474153966185,Nitrogen,5000,0.3125
291.525,3.0073210069103347,Nitrogen,5000,0.3125
293.02,3.3315132786256463,Nitrogen,5000,0.3125
294.515,4.312485433292885,Nitrogen,5000,0.3125
296.01,5.6644598581675005,Nitrogen,5000,0.3125
297.505,6.645347394986388,Nitrogen,5000,0.3125
299.0,7.0015928675403565,Nitrogen,5000,0.3125
300.495,6.665660282440268,Nitrogen,5000,0.3125
301.99,5.96950669620178,Nitrogen,5000,0.3125
303.485,5.503892363552698,Nitrogen,5000,0.3125
304.98,5.474682197652996,Nitrogen,5000,0.3125
306.475,6.292449389206769,Nitrogen,5000,0.3125
307.97,7.037766807104109,Nitrogen,5000,0.3125
309.465,5.731409357291039,Nitrogen,5000,0.3125
310.96,1.7950860311712606,Nitrogen,5000,0.3125
312.455,-4.238011740296129,Nitrogen,5000,0.3125
313.95,-10.444231232325784,Nitrogen,5000,0.3125
315.445,-13.71025054025798,Nitrogen,5000,0.3125
316.94,-13.223240227181792,Nitrogen,5000,0.3125
318.435,-9.863552752497291,Nitrogen,5000,0.3125
319.93,-3.5900525183002863,Nitrogen,5000,0.3125
321.425,5.348353171043016,Nitrogen,5000,0.3125
322.92,17.156490782983457,Nitrogen,5000,0.3125
324.415,32.58301193631402,Nitrogen,5000,0.3125
258.635,35.14348936458115,No gas,0,0.0
260.13,22.407087978813315,No gas,0,0.0
261.625,12.879784753529004,No gas,0,0.0
263.12,6.253709672807512,No gas,0,0.0
264.615,2.1779973596223385,No gas,0,0.0
266.11,0.2286463440271351,No gas,0,0.0
267.605,0.0,No gas,0,0.0
269.1,1.210537640678501,No gas,0,0.0
270.595,3.2019119381147743,No gas,0,0.0
272.09,5.015535514482954,No gas,0,0.0
273.585,6.1747068375638055,No gas,0,0.0
275.08,6.771612927210471,No gas,0,0.0
276.575,6.927351676115501,No gas,0,0.0
278.07,6.707170461409683,No gas,0,0.0
279.565,6.2115982552751845,No gas,0,0.0
281.06,5.555733748884906,No gas,0,0.0
282.555,5.299601950609887,No gas,0,0.0
284.05,5.911392856474741,No gas,0,0.0
285.545,7.123559920714014,No gas,0,0.0
287.04,8.696333961409321,No gas,0,0.0
288.535,10.341029992790029,No gas,0,0.0
290.03,11.659801386688777,No gas,0,0.0
291.525,12.686007401889444,No gas,0,0.0
293.02,13.544505375611456,No gas,0,0.0
294.515,14.234272977518104,No gas,0,0.0
296.01,14.780396893505442,No gas,0,0.0
297.505,14.943647556733715,No gas,0,0.0
299.0,14.617162353534654,No gas,0,0.0
300.495,14.140244802153363,No gas,0,0.0
301.99,14.025535273305795,No gas,0,0.0
303.485,15.201784256808423,No gas,0,0.0
304.98,16.40132002481765,No gas,0,0.0
306.475,14.983848395980155,No gas,0,0.0
307.97,10.324361928995367,No gas,0,0.0
309.465,3.345259083613021,No gas,0,0.0
310.96,-3.9677354251055,No gas,0,0.0
312.455,-8.69079398076062,No gas,0,0.0
313.95,-9.794009451764886,No gas,0,0.0
315.445,-7.776341793675307,No gas,0,0.0
316.94,-2.42003344871803,No gas,0,0.0
318.435,6.439002555717289,No gas,0,0.0
319.93,18.48224216213446,No gas,0,0.0
321.425,33.508112200689034,No gas,0,0.0
258.635,35.41960733649146,Oxygen,10,0.000625
260.13,22.842394600067323,Oxygen,10,0.000625
261.625,13.39251135467699,Oxygen,10,0.000625
263.12,6.780860633281449,Oxygen,10,0.000625
264.615,2.5952991531036744,Oxygen,10,0.000625
266.11,0.4225082748307542,Oxygen,10,0.000625
267.605,0.0,Oxygen,10,0.000625
269.1,0.8859028397826272,Oxygen,10,0.000625
270.595,2.707508266556012,Oxygen,10,0.000625
272.09,4.985618359453369,Oxygen,10,0.000625
273.585,6.907584762011986,Oxygen,10,0.000625
275.08,8.097678672440807,Oxygen,10,0.000625
276.575,8.378783671440118,Oxygen,10,0.000625
278.07,7.556179165465423,Oxygen,10,0.000625
279.565,6.303342694574532,Oxygen,10,0.000625
281.06,5.301836921469466,Oxygen,10,0.000625
282.555,4.72756482916607,Oxygen,10,0.000625
284.05,4.863408594524557,Oxygen,10,0.000625
285.545,5.570719091814596,Oxygen,10,0.000625
287.04,6.403897119455021,Oxygen,10,0.000625
288.535,7.174488825063552,Oxygen,10,0.000625
290.03,7.972306264365113,Oxygen,10,0.000625
291.525,8.51188945435705,Oxygen,10,0.000625
293.02,8.745814391832777,Oxygen,10,0.000625
294.515,8.924884840439205,Oxygen,10,0.000625
296.01,8.83590632156762,Oxygen,10,0.000625
297.505,8.354296214389148,Oxygen,10,0.000625
299.0,7.764810509253195,Oxygen,10,0.000625
300.495,7.120347729329712,Oxygen,10,0.000625
301.99,6.637542588774558,Oxygen,10,0.000625
303.485,7.316930168364664,Oxygen,10,0.000625
304.98,8.041388326200305,Oxygen,10,0.000625
306.475,6.410592945963444,Oxygen,10,0.000625
307.97,1.8362807160966064,Oxygen,10,0.000625
309.465,-5.056863885652536,Oxygen,10,0.000625
310.96,-12.381702484056934,Oxygen,10,0.000625
312.455,-16.92549307625092,Oxygen,10,0.000625
313.95,-17.7436548953181,Oxygen,10,0.000625
315.445,-15.538927583154951,Oxygen,10,0.000625
316.94,-10.19419388131224,Oxygen,10,0.000625
318.435,-1.9220785301798244,Oxygen,10,0.000625
319.93,9.787946197813891,Oxygen,10,0.000625
321.425,24.731397253541157,Oxygen,10,0.000625
322.92,42.90827463700195,Oxygen,10,0.000625
258.635,35.411476911167384,Oxygen,100,0.00625
260.13,22.976284900930064,Oxygen,100,0.00625
261.625,13.36833835055825,Oxygen,100,0.00625
263.12,6.379106301864596,Oxygen,100,0.00625
264.615,1.9425155258197897,Oxygen,100,0.00625
266.11,0.0,Oxygen,100,0.00625
267.605,0.1969205744054267,Oxygen,100,0.00625
269.1,1.7744687034566289,Oxygen,100,0.00625
270.595,3.8474914901731214,Oxygen,100,0.00625
272.09,5.469899137227973,Oxygen,100,0.00625
273.585,6.162613864844445,Oxygen,100,0.00625
275.08,6.010276280795473,Oxygen,100,0.00625
276.575,5.117008836011808,Oxygen,100,0.00625
278.07,3.860542433840944,Oxygen,100,0.00625
279.565,2.6772278085481904,Oxygen,100,0.00625
281.06,1.808469424464878,Oxygen,100,0.00625
282.555,1.5428362666154456,Oxygen,100,0.00625
284.05,2.1824449696586683,Oxygen,100,0.00625
285.545,3.5747786843879297,Oxygen,100,0.00625
287.04,5.407897894083234,Oxygen,100,0.00625
288.535,7.230042828537098,Oxygen,100,0.00625
290.03,8.629401824888777,Oxygen,100,0.00625
291.525,9.591484494721524,Oxygen,100,0.00625
293.02,10.364180967286645,Oxygen,100,0.00625
294.515,11.1801383127311,Oxygen,100,0.00625
296.01,11.804170368602872,Oxygen,100,0.00625
297.505,11.857160953864303,Oxygen,100,0.00625
299.0,11.393046600319035,Oxygen,100,0.00625
300.495,10.734700525677692,Oxygen,100,0.00625
301.99,10.343342127982847,Oxygen,100,0.00625
303.485,11.226291596146392,Oxygen,100,0.00625
304.98,12.351510745996336,Oxygen,100,0.00625
306.475,11.23061574440733,Oxygen,100,0.00625
307.97,7.1255092626965,Oxygen,100,0.00625
309.465,0.6573386694680075,Oxygen,100,0.00625
310.96,-6.16302796554469,Oxygen,100,0.00625
312.455,-10.307564999909372,Oxygen,100,0.00625
313.95,-10.838919742063448,Oxygen,100,0.00625
315.445,-8.255005691800974,Oxygen,100,0.00625
316.94,-2.5042238177040392,Oxygen,100,0.00625
318.435,6.340248959855543,Oxygen,100,0.00625
319.93,18.45302628468001,Oxygen,100,0.00625
321.425,34.19805129789647,Oxygen,100,0.00625
260.13,43.4385086323102,Oxygen,500,0.03125
261.625,30.50289432028056,Oxygen,500,0.03125
263.12,19.926953563892013,Oxygen,500,0.03125
264.615,11.606142754685882,Oxygen,500,0.03125
266.11,5.5921442121810845,Oxygen,500,0.03125
267.605,1.789902085263206,Oxygen,500,0.03125
269.1,0.0,Oxygen,500,0.03125
270.595,0.0138356364773848,Oxygen,500,0.03125
272.09,0.951417995257037,Oxygen,500,0.03125
273.585,1.776278427615134,Oxygen,500,0.03125
275.08,2.053111400420013,Oxygen,500,0.03125
276.575,1.7024979904475952,Oxygen,500,0.03125
278.07,0.9273252880728772,Oxygen,500,0.03125
279.565,0.0108548329194118,Oxygen,500,0.03125
281.06,-0.9998846250333796,Oxygen,500,0.03125
282.555,-2.05079676371255,Oxygen,500,0.03125
284.05,-2.940593874605936,Oxygen,500,0.03125
285.545,-3.3109497295339807,Oxygen,500,0.03125
287.04,-2.972374946905129,Oxygen,500,0.03125
288.535,-2.1150050943709564,Oxygen,500,0.03125
290.03,-1.1228364525482046,Oxygen,500,0.03125
291.525,-0.4031279537234891,Oxygen,500,0.03125
293.02,0.093788441987586,Oxygen,500,0.03125
294.515,0.5966604790658376,Oxygen,500,0.03125
296.01,1.0997715524971898,Oxygen,500,0.03125
297.505,1.596868916104231,Oxygen,500,0.03125
299.0,1.8188288699912023,Oxygen,500,0.03125
300.495,1.6955224110081932,Oxygen,500,0.03125
301.99,1.786634443844486,Oxygen,500,0.03125
303.485,2.2740800855990404,Oxygen,500,0.03125
304.98,3.733481069104796,Oxygen,500,0.03125
306.475,5.362012990210388,Oxygen,500,0.03125
307.97,5.054280212368367,Oxygen,500,0.03125
309.465,2.230786851028798,Oxygen,500,0.03125
310.96,-2.456654133467307,Oxygen,500,0.03125
312.455,-7.32577778794923,Oxygen,500,0.03125
313.95,-9.828147276440598,Oxygen,500,0.03125
315.445,-9.033979505060392,Oxygen,500,0.03125
316.94,-5.266041623386456,Oxygen,500,0.03125
318.435,1.3425543840034706,Oxygen,500,0.03125
319.93,10.791808517109391,Oxygen,500,0.03125
321.425,20.2410626502151,Oxygen,500,0.03125
322.92,29.690316783320213,Oxygen,500,0.03125
324.415,39.139570916425555,Oxygen,500,0.03125
263.12,37.1478840338692,Oxygen,1000,0.0625
264.615,24.233319518168237,Oxygen,1000,0.0625
266.11,14.24411840552061,Oxygen,1000,0.0625
267.605,7.082642351693573,Oxygen,1000,0.0625
269.1,2.553803415966346,Oxygen,1000,0.0625
270.595,0.344572260241315,Oxygen,1000,0.0625
272.09,0.0,Oxygen,1000,0.0625
273.585,1.001115660738793,Oxygen,1000,0.0625
275.08,2.6037660628260757,Oxygen,1000,0.0625
276.575,4.036423720668422,Oxygen,1000,0.0625
278.07,4.663994456851355,Oxygen,1000,0.0625
279.565,4.163632998802264,Oxygen,1000,0.0625
281.06,3.2768431091147416,Oxygen,1000,0.0625
282.555,2.9363197953102533,Oxygen,1000,0.0625
284.05,3.1918861529884643,Oxygen,1000,0.0625
285.545,3.654861357009443,Oxygen,1000,0.0625
287.04,4.067317761111399,Oxygen,1000,0.0625
288.535,4.303373685404033,Oxygen,1000,0.0625
290.03,4.794988221800669,Oxygen,1000,0.0625
291.525,5.982052168446654,Oxygen,1000,0.0625
293.02,7.495521663437004,Oxygen,1000,0.0625
294.515,8.88267638884575,Oxygen,1000,0.0625
296.01,10.303522249763416,Oxygen,1000,0.0625
297.505,11.787393816716904,Oxygen,1000,0.0625
299.0,12.998406263219026,Oxygen,1000,0.0625
300.495,13.921745259444045,Oxygen,1000,0.0625
301.99,14.4810052405761,Oxygen,1000,0.0625
303.485,14.78412390485984,Oxygen,1000,0.0625
304.98,15.73720836724628,Oxygen,1000,0.0625
306.475,16.990643227457674,Oxygen,1000,0.0625
307.97,18.54442848549402,Oxygen,1000,0.0625
309.46500000000003,20.098213743530437,Oxygen,1000,0.0625
310.96000000000004,21.651999001566764,Oxygen,1000,0.0625
312.45500000000004,23.205784259603092,Oxygen,1000,0.0625
313.95000000000005,24.759569517639363,Oxygen,1000,0.0625
315.44500000000005,26.31335477567569,Oxygen,1000,0.0625
316.94000000000005,27.86714003371202,Oxygen,1000,0.0625
318.43500000000006,29.42092529174829,Oxygen,1000,0.0625
319.93000000000006,30.974710549784618,Oxygen,1000,0.0625
321.42500000000007,32.528495807820946,Oxygen,1000,0.0625
322.9200000000001,34.08228106585727,Oxygen,1000,0.0625
324.4150000000001,35.636066323893544,Oxygen,1000,0.0625
257.14,46.37232933997339,SC4,10,0.000625
258.635,32.82301855731551,SC4,10,0.000625
260.13,21.78281287481152,SC4,10,0.000625
261.625,13.220171945262845,SC4,10,0.000625
263.12,6.98087494822383,SC4,10,0.000625
264.615,2.9301235192629047,SC4,10,0.000625
266.11,0.7533968431789457,SC4,10,0.000625
267.605,0.0,SC4,10,0.000625
269.1,0.4398486855217047,SC4,10,0.000625
270.595,1.5079323396858886,SC4,10,0.000625
272.09,2.402060196105362,SC4,10,0.000625
273.585,2.969020251892376,SC4,10,0.000625
275.08,3.253443433798884,SC4,10,0.000625
276.575,3.2385635878955785,SC4,10,0.000625
278.07,3.088936967772808,SC4,10,0.000625
279.565,2.8236962485563577,SC4,10,0.000625
281.06,2.367671705374166,SC4,10,0.000625
282.555,2.1314935917315,SC4,10,0.000625
284.05,2.437982458068001,SC4,10,0.000625
285.545,3.1729705855995665,SC4,10,0.000625
287.04,4.205812595014224,SC4,10,0.000625
288.535,5.512378626030243,SC4,10,0.000625
290.03,7.09962373743655,SC4,10,0.000625
291.525,8.765036077848523,SC4,10,0.000625
293.02,10.56872350204725,SC4,10,0.000625
294.515,12.309706303422098,SC4,10,0.000625
296.01,13.388660620725458,SC4,10,0.000625
297.505,13.797182161577206,SC4,10,0.000625
299.0,13.897365686494782,SC4,10,0.000625
300.495,13.936941390364348,SC4,10,0.000625
301.99,15.135055075482647,SC4,10,0.000625
303.485,16.513953220044442,SC4,10,0.000625
304.98,15.111893904122818,SC4,10,0.000625
306.475,10.116126470608169,SC4,10,0.000625
307.97,2.2928491061152823,SC4,10,0.000625
309.465,-6.149658905088106,SC4,10,0.000625
310.96,-11.971662645730031,SC4,10,0.000625
312.455,-14.000400714838252,SC4,10,0.000625
313.95,-12.83934497699392,SC4,10,0.000625
315.445,-8.652710620141342,SC4,10,0.000625
316.94,-1.2867561552866018,SC4,10,0.000625
318.435,9.371658416676896,SC4,10,0.000625
319.93,23.063772436960484,SC4,10,0.000625
321.425,40.115432638777136,SC4,10,0.000625
258.635,35.52522208595808,SC4,100,0.00625
260.13,23.489470191223457,SC4,100,0.00625
261.625,14.11674394397118,SC4,100,0.00625
263.12,7.370146631295956,SC4,100,0.00625
264.615,2.9510685302020185,SC4,100,0.00625
266.11,0.6066353614907989,SC4,100,0.00625
267.605,0.0,SC4,100,0.00625
269.1,0.4765532136553787,SC4,100,0.00625
270.595,1.3977523706121977,SC4,100,0.00625
272.09,2.181008678309791,SC4,100,0.00625
273.585,2.574619336855936,SC4,100,0.00625
275.08,2.5175210102280623,SC4,100,0.00625
276.575,1.9515082255716896,SC4,100,0.00625
278.07,1.0643616854124236,SC4,100,0.00625
279.565,0.0448746186442896,SC4,100,0.00625
281.06,-0.7655285347143952,SC4,100,0.00625
282.555,-0.9350997345754912,SC4,100,0.00625
284.05,-0.380009168929881,SC4,100,0.00625
285.545,0.6584394217026528,SC4,100,0.00625
287.04,1.9178413142456776,SC4,100,0.00625
288.535,3.371566225107617,SC4,100,0.00625
290.03,5.0185031676958936,SC4,100,0.00625
291.525,6.51100726056438,SC4,100,0.00625
293.02,7.885522055907568,SC4,100,0.00625
294.515,9.268729235966251,SC4,100,0.00625
296.01,10.203307828728692,SC4,100,0.00625
297.505,10.765876184632443,SC4,100,0.00625
299.0,11.035021867769933,SC4,100,0.00625
300.495,10.970657768805207,SC4,100,0.00625
301.99,11.44370519495985,SC4,100,0.00625
303.485,12.561708051025017,SC4,100,0.00625
304.98,12.399398094161786,SC4,100,0.00625
306.475,9.396911081119452,SC4,100,0.00625
307.97,3.501448853649471,SC4,100,0.00625
309.465,-3.890692840719826,SC4,100,0.00625
310.96,-10.120604373843996,SC4,100,0.00625
312.455,-13.666493358085049,SC4,100,0.00625
313.95,-14.35517361229308,SC4,100,0.00625
315.445,-11.996260517903863,SC4,100,0.00625
316.94,-6.305384466154615,SC4,100,0.00625
318.435,3.0863770420111223,SC4,100,0.00625
319.93,16.391635955420288,SC4,100,0.00625
321.425,33.08430337109343,SC4,100,0.00625
260.13,47.01923612038408,SC4,1000,0.0625
261.625,32.50009972276678,SC4,1000,0.0625
263.12,20.992341840659787,SC4,1000,0.0625
264.615,12.25192659994438,SC4,1000,0.0625
266.11,6.098223554497618,SC4,1000,0.0625
267.605,2.135075077452843,SC4,1000,0.0625
269.1,0.151138882800641,SC4,1000,0.0625
270.595,0.0,SC4,1000,0.0625
272.09,0.993498412029984,SC4,1000,0.0625
273.585,2.226130948328388,SC4,1000,0.0625
275.08,3.1639369491518377,SC4,1000,0.0625
276.575,3.684924131280731,SC4,1000,0.0625
278.07,3.968366072086827,SC4,1000,0.0625
279.565,4.273820208602817,SC4,1000,0.0625
281.06,4.492786769962198,SC4,1000,0.0625
282.555,4.511227855896056,SC4,1000,0.0625
284.05,4.580474793625161,SC4,1000,0.0625
285.545,5.052592688836839,SC4,1000,0.0625
287.04,6.295761930711844,SC4,1000,0.0625
288.535,8.052338422937655,SC4,1000,0.0625
290.03,9.754517097280743,SC4,1000,0.0625
291.525,11.193954017478578,SC4,1000,0.0625
293.02,12.317729033550467,SC4,1000,0.0625
294.515,13.289807254100818,SC4,1000,0.0625
296.01,14.170492687580552,SC4,1000,0.0625
297.505,14.63716753400562,SC4,1000,0.0625
299.0,14.66681058397819,SC4,1000,0.0625
300.495,14.636316044792554,SC4,1000,0.0625
301.99,15.469961254255292,SC4,1000,0.0625
303.485,16.471232474203784,SC4,1000,0.0625
304.98,15.106782864036692,SC4,1000,0.0625
306.475,10.356009109953416,SC4,1000,0.0625
307.97,3.024901792404103,SC4,1000,0.0625
309.465,-4.820228742711725,SC4,1000,0.0625
310.96,-10.229768366945066,SC4,1000,0.0625
312.455,-12.169180935333069,SC4,1000,0.0625
313.95,-11.420853497004725,SC4,1000,0.0625
315.445,-7.9166590968957085,SC4,1000,0.0625
316.94,-1.260726090937986,SC4,1000,0.0625
318.435,8.729616606282327,SC4,1000,0.0625
319.93,22.12543784879144,SC4,1000,0.0625
321.425,39.04572440839058,SC4,1000,0.0625
257.14,47.82518978654133,SN2,10,0.000625
258.635,33.80080160956133,SN2,10,0.000625
260.13,22.4570255416106,SN2,10,0.000625
261.625,13.605596418117344,SN2,10,0.000625
263.12,7.192346044854421,SN2,10,0.000625
264.615,3.0373927284914366,SN2,10,0.000625
266.11,0.8019196774826298,SN2,10,0.000625
267.605,0.0,SN2,10,0.000625
269.1,0.1167316438496683,SN2,10,0.000625
270.595,0.6761175216829312,SN2,10,0.000625
272.09,1.206899424366103,SN2,10,0.000625
273.585,1.527192776265041,SN2,10,0.000625
275.08,1.4777498863684535,SN2,10,0.000625
276.575,0.9369306141309988,SN2,10,0.000625
278.07,0.3637715227980358,SN2,10,0.000625
279.565,0.0860977200556583,SN2,10,0.000625
281.06,0.0007757958254313,SN2,10,0.000625
282.555,0.2687835285357458,SN2,10,0.000625
284.05,0.7628799612235397,SN2,10,0.000625
285.545,1.2005671978355252,SN2,10,0.000625
287.04,1.8635190392864691,SN2,10,0.000625
288.535,2.8122262518029792,SN2,10,0.000625
290.03,3.7536062232689353,SN2,10,0.000625
291.525,4.804679199106058,SN2,10,0.000625
293.02,6.027880197301116,SN2,10,0.000625
294.515,7.039945632806987,SN2,10,0.000625
296.01,7.707773118804784,SN2,10,0.000625
297.505,8.008721920811059,SN2,10,0.000625
299.0,7.987723794265303,SN2,10,0.000625
300.495,7.964259495333032,SN2,10,0.000625
301.99,8.150135125984956,SN2,10,0.000625
303.485,9.194322119136675,SN2,10,0.000625
304.98,10.196093226186498,SN2,10,0.000625
306.475,8.99390512119324,SN2,10,0.000625
307.97,4.982479992580544,SN2,10,0.000625
309.465,-1.364090345435223,SN2,10,0.000625
310.96,-8.172520014814825,SN2,10,0.000625
312.455,-12.27992455991074,SN2,10,0.000625
313.95,-12.639564493364874,SN2,10,0.000625
315.445,-9.803862544941923,SN2,10,0.000625
316.94,-3.6322407991096153,SN2,10,0.000625
318.435,5.619841766748916,SN2,10,0.000625
319.93,18.069983559599176,SN2,10,0.000625
321.425,33.97447683183543,SN2,10,0.000625
257.14,47.254175007807056,SN2,100,0.00625
258.635,32.80987027698353,SN2,100,0.00625
260.13,21.15326953657089,SN2,100,0.00625
261.625,12.324233317112936,SN2,100,0.00625
263.12,6.172524488813551,SN2,100,0.00625
264.615,2.3937105364731317,SN2,100,0.00625
266.11,0.5512427195855878,SN2,100,0.00625
267.605,0.0,SN2,100,0.00625
269.1,0.2467964904548303,SN2,100,0.00625
270.595,1.1460631027677,SN2,100,0.00625
272.09,2.229896424478497,SN2,100,0.00625
273.585,2.984768178703318,SN2,100,0.00625
275.08,3.418425776747714,SN2,100,0.00625
276.575,3.454573607280473,SN2,100,0.00625
278.07,3.2078002644384505,SN2,100,0.00625
279.565,3.100611521835182,SN2,100,0.00625
281.06,3.088136068142898,SN2,100,0.00625
282.555,3.108162108523967,SN2,100,0.00625
284.05,3.333006068146055,SN2,100,0.00625
285.545,3.718998393787437,SN2,100,0.00625
287.04,4.276113534183072,SN2,100,0.00625
288.535,5.0850383429891775,SN2,100,0.00625
290.03,6.266004076610535,SN2,100,0.00625
291.525,7.760277490600615,SN2,100,0.00625
293.02,9.111140426698842,SN2,100,0.00625
294.515,9.68209929044678,SN2,100,0.00625
296.01,9.2927235520123,SN2,100,0.00625
297.505,8.326496810336408,SN2,100,0.00625
299.0,7.372736834559635,SN2,100,0.00625
300.495,6.965916083493621,SN2,100,0.00625
301.99,7.268224262010843,SN2,100,0.00625
303.485,8.582317819745928,SN2,100,0.00625
304.98,9.894962407235226,SN2,100,0.00625
306.475,9.039433532442096,SN2,100,0.00625
307.97,5.358674263658386,SN2,100,0.00625
309.465,-0.2291366051268752,SN2,100,0.00625
310.96,-5.862969486557303,SN2,100,0.00625
312.455,-8.854759383756944,SN2,100,0.00625
313.95,-8.318757076877773,SN2,100,0.00625
315.445,-4.905561497314087,SN2,100,0.00625
316.94,1.6555238681304587,SN2,100,0.00625
318.435,11.514279090549408,SN2,100,0.00625
319.93,24.589038187440025,SN2,100,0.00625
321.425,40.99042701182098,SN2,100,0.00625
258.635,37.97855073739262,SN2,1000,0.0625
260.13,25.970823763080155,SN2,1000,0.0625
261.625,16.38557971567053,SN2,1000,0.0625
263.12,8.939066075171294,SN2,1000,0.0625
264.615,3.666706929195428,SN2,1000,0.0625
266.11,0.7663808002214179,SN2,1000,0.0625
267.605,0.0,SN2,1000,0.0625
269.1,0.4399443295135707,SN2,1000,0.0625
270.595,1.3620989831914423,SN2,1000,0.0625
272.09,2.3332578477525416,SN2,1000,0.0625
273.585,3.049853414790657,SN2,1000,0.0625
275.08,3.570571249594451,SN2,1000,0.0625
276.575,3.899148092424257,SN2,1000,0.0625
278.07,3.716574159494183,SN2,1000,0.0625
279.565,3.1692095282968857,SN2,1000,0.0625
281.06,2.680357445772831,SN2,1000,0.0625
282.555,2.451835204958023,SN2,1000,0.0625
284.05,2.8376249449492192,SN2,1000,0.0625
285.545,3.788108183927008,SN2,1000,0.0625
287.04,4.881588479714761,SN2,1000,0.0625
288.535,5.787652802548761,SN2,1000,0.0625
290.03,6.413725133198405,SN2,1000,0.0625
291.525,6.928445003176922,SN2,1000,0.0625
293.02,7.530688847677336,SN2,1000,0.0625
294.515,8.110872458909345,SN2,1000,0.0625
296.01,8.4723358952558,SN2,1000,0.0625
297.505,8.461650664231605,SN2,1000,0.0625
299.0,8.138333448628053,SN2,1000,0.0625
300.495,7.925290672872904,SN2,1000,0.0625
301.99,8.347598201437119,SN2,1000,0.0625
303.485,9.55190913269992,SN2,1000,0.0625
304.98,10.426823574050848,SN2,1000,0.0625
306.475,9.170770018010336,SN2,1000,0.0625
307.97,5.161076719258903,SN2,1000,0.0625
309.465,-0.6376543327001691,SN2,1000,0.0625
310.96,-6.105375036113842,SN2,1000,0.0625
312.455,-8.847108676994903,SN2,1000,0.0625
313.95,-8.116032409561358,SN2,1000,0.0625
315.445,-4.287073993211999,SN2,1000,0.0625
316.94,2.7681485316341057,SN2,1000,0.0625
318.435,13.208935364585976,SN2,1000,0.0625
319.93,27.06728899460095,SN2,1000,0.0625
321.425,44.39801121324253,SN2,1000,0.0625
257.14,45.98762241411136,SX1,10,0.000625
258.635,31.955776092040352,SX1,10,0.000625
260.13,20.53293452852118,SX1,10,0.000625
261.625,11.79581203248858,SX1,10,0.000625
263.12,5.64342815305281,SX1,10,0.000625
264.615,1.7957850962557167,SX1,10,0.000625
266.11,0.0012388717810125,SX1,10,0.000625
267.605,0.0,SX1,10,0.000625
269.1,1.1419423788889826,SX1,10,0.000625
270.595,2.5784584332014084,SX1,10,0.000625
272.09,3.549581496461282,SX1,10,0.000625
273.585,3.883548794849837,SX1,10,0.000625
275.08,3.819235261020225,SX1,10,0.000625
276.575,3.903342394016765,SX1,10,0.000625
278.07,4.49692219847703,SX1,10,0.000625
279.565,5.214169377954036,SX1,10,0.000625
281.06,5.766698817982292,SX1,10,0.000625
282.555,6.306435291257877,SX1,10,0.000625
284.05,6.8990298844987095,SX1,10,0.000625
285.545,7.769434654125831,SX1,10,0.000625
287.04,9.236182766679104,SX1,10,0.000625
288.535,10.917786035860187,SX1,10,0.000625
290.03,12.545461534588412,SX1,10,0.000625
291.525,14.083846171721332,SX1,10,0.000625
293.02,15.180716764559346,SX1,10,0.000625
294.515,15.720759321782037,SX1,10,0.000625
296.01,15.755056078461962,SX1,10,0.000625
297.505,15.332013111216504,SX1,10,0.000625
299.0,14.971220912497644,SX1,10,0.000625
300.495,15.181549134205277,SX1,10,0.000625
301.99,16.57294821494048,SX1,10,0.000625
303.485,17.84469255010211,SX1,10,0.000625
304.98,16.36281181985846,SX1,10,0.000625
306.475,11.231700920751138,SX1,10,0.000625
307.97,3.4399460972805045,SX1,10,0.000625
309.465,-4.927425008869925,SX1,10,0.000625
310.96,-10.91883341171524,SX1,10,0.000625
312.455,-13.347794166431097,SX1,10,0.000625
313.95,-12.528265600194135,SX1,10,0.000625
315.445,-8.153362581373107,SX1,10,0.000625
316.94,-0.2299345992895052,SX1,10,0.000625
318.435,10.727455562201268,SX1,10,0.000625
319.93,24.22237548612822,SX1,10,0.000625
321.425,40.56301022288051,SX1,10,0.000625
257.14,47.27280980259079,SX1,100,0.00625
258.635,33.05663187003654,SX1,100,0.00625
260.13,21.6255223383531,SX1,100,0.00625
261.625,12.733154297602356,SX1,100,0.00625
263.12,6.15938842514435,SX1,100,0.00625
264.615,1.9594649008049332,SX1,100,0.00625
266.11,0.07151905824532,SX1,100,0.00625
267.605,0.0,SX1,100,0.00625
269.1,1.0116079290286617,SX1,100,0.00625
270.595,2.589261891683785,SX1,100,0.00625
272.09,4.281340803333459,SX1,100,0.00625
273.585,5.604085980444834,SX1,100,0.00625
275.08,6.524772940582174,SX1,100,0.00625
276.575,6.872472497023706,SX1,100,0.00625
278.07,6.482843049703634,SX1,100,0.00625
279.565,5.932307897727689,SX1,100,0.00625
281.06,5.634237341498936,SX1,100,0.00625
282.555,5.627405432868596,SX1,100,0.00625
284.05,6.2219181549054365,SX1,100,0.00625
285.545,7.221486222974155,SX1,100,0.00625
287.04,8.28371559073967,SX1,100,0.00625
288.535,9.443259387648022,SX1,100,0.00625
290.03,10.547342701019923,SX1,100,0.00625
291.525,11.384996593521594,SX1,100,0.00625
293.02,11.917061784933011,SX1,100,0.00625
294.515,12.191514850174928,SX1,100,0.00625
296.01,12.087544259518582,SX1,100,0.00625
297.505,11.558307077668829,SX1,100,0.00625
299.0,10.900063332489468,SX1,100,0.00625
300.495,10.443813489486772,SX1,100,0.00625
301.99,10.373301793964051,SX1,100,0.00625
303.485,11.488671778134108,SX1,100,0.00625
304.98,12.830477458767946,SX1,100,0.00625
306.475,11.8816147234435,SX1,100,0.00625
307.97,7.867605800853594,SX1,100,0.00625
309.465,1.5685176694439047,SX1,100,0.00625
310.96,-5.112355298887815,SX1,100,0.00625
312.455,-9.135177941040006,SX1,100,0.00625
313.95,-9.221604120911868,SX1,100,0.00625
315.445,-6.071273565719404,SX1,100,0.00625
316.94,0.3874074914077088,SX1,100,0.00625
318.435,10.19278629841782,SX1,100,0.00625
319.93,23.11795519794091,SX1,100,0.00625
321.425,39.21286082861094,SX1,100,0.00625
261.625,37.49706816502671,SX1,1000,0.0625
263.12,25.07812086141299,SX1,1000,0.0625
264.615,15.550789875323192,SX1,1000,0.0625
266.11,8.603322633440929,SX1,1000,0.0625
267.605,3.872413241604499,SX1,1000,0.0625
269.1,1.0279445750031542,SX1,1000,0.0625
270.595,0.0,SX1,1000,0.0625
272.09,0.2547460113364934,SX1,1000,0.0625
273.585,1.081599041321236,SX1,1000,0.0625
275.08,1.9260845278080376,SX1,1000,0.0625
276.575,2.334745271667374,SX1,1000,0.0625
278.07,2.546795832170198,SX1,1000,0.0625
279.565,2.913939972725056,SX1,1000,0.0625
281.06,3.2149599360373395,SX1,1000,0.0625
282.555,3.341338019243854,SX1,1000,0.0625
284.05,3.3370868991645937,SX1,1000,0.0625
285.545,3.214889446451367,SX1,1000,0.0625
287.04,3.497449536942089,SX1,1000,0.0625
288.535,4.246808233407095,SX1,1000,0.0625
290.03,5.197908287068683,SX1,1000,0.0625
291.525,6.2102029878613765,SX1,1000,0.0625
293.02,6.877650214115504,SX1,1000,0.0625
294.515,7.37357340590049,SX1,1000,0.0625
296.01,8.003786486334295,SX1,1000,0.0625
297.505,8.522862220102706,SX1,1000,0.0625
299.0,8.802212950690198,SX1,1000,0.0625
300.495,8.763326931893772,SX1,1000,0.0625
301.99,8.418083846806997,SX1,1000,0.0625
303.485,8.720971572819657,SX1,1000,0.0625
304.98,9.214078166758998,SX1,1000,0.0625
306.475,8.081399940618244,SX1,1000,0.0625
307.97,4.896653954416029,SX1,1000,0.0625
309.465,0.1991390492418085,SX1,1000,0.0625
310.96,-4.356734488328699,SX1,1000,0.0625
312.455,-6.388446358441065,SX1,1000,0.0625
313.95,-5.1619249524785165,SX1,1000,0.0625
315.445,-1.070997138033193,SX1,1000,0.0625
316.94,6.076988970633832,SX1,1000,0.0625
318.435,16.593248145397666,SX1,1000,0.0625
319.93,30.705875935483444,SX1,1000,0.0625
321.425,48.30416453657627,SX1,1000,0.0625
269.1,42.9590859944982,SX1,5000,0.3125
270.595,27.0726159574514,SX1,5000,0.3125
272.09,15.503637543149184,SX1,5000,0.3125
273.585,7.456950285056033,SX1,5000,0.3125
275.08,2.5641631860156244,SX1,5000,0.3125
276.575,0.3401402351315229,SX1,5000,0.3125
278.07,0.0,SX1,5000,0.3125
279.565,0.8347536840056943,SX1,5000,0.3125
281.06,1.824393101731472,SX1,5000,0.3125
282.555,2.643486612331938,SX1,5000,0.3125
284.05,3.4281300654400706,SX1,5000,0.3125
285.545,4.321102752227708,SX1,5000,0.3125
287.04,5.282067197306569,SX1,5000,0.3125
288.535,6.22427435703896,SX1,5000,0.3125
290.03,7.278122205341837,SX1,5000,0.3125
291.525,8.629239187570414,SX1,5000,0.3125
293.02,10.39066664087459,SX1,5000,0.3125
294.515,12.423068117501222,SX1,5000,0.3125
296.01,14.483986185514828,SX1,5000,0.3125
297.505,16.197694579149086,SX1,5000,0.3125
299.0,17.70751278791669,SX1,5000,0.3125
300.495,19.256429434242065,SX1,5000,0.3125
301.99,21.117225425280843,SX1,5000,0.3125
303.485,23.144451794662544,SX1,5000,0.3125
304.98,24.661785270018488,SX1,5000,0.3125
306.475,25.509487293755285,SX1,5000,0.3125
307.97,26.190585474870023,SX1,5000,0.3125
309.465,27.523413035035837,SX1,5000,0.3125
310.96,30.535249636908773,SX1,5000,0.3125
312.455,35.86052722467521,SX1,5000,0.3125
313.95,43.71615638879381,SX1,5000,0.3125
258.635,40.26267035932675,TC1,100,0.00625
260.13,27.58886053131737,TC1,100,0.00625
261.625,17.50075839576165,TC1,100,0.00625
263.12,9.834068156205184,TC1,100,0.00625
264.615,4.531963734884343,TC1,100,0.00625
266.11,1.3637141095240004,TC1,100,0.00625
267.605,0.0,TC1,100,0.00625
269.1,0.0387023273421291,TC1,100,0.00625
270.595,0.6591808935356092,TC1,100,0.00625
272.09,1.0646476563290044,TC1,100,0.00625
273.585,1.126168606989161,TC1,100,0.00625
275.08,0.9828211445024132,TC1,100,0.00625
276.575,0.568015682765953,TC1,100,0.00625
278.07,-0.0983396693193796,TC1,100,0.00625
279.565,-0.8714189105923538,TC1,100,0.00625
281.06,-1.6883059398806282,TC1,100,0.00625
282.555,-2.1930257051466384,TC1,100,0.00625
284.05,-2.0306752231355176,TC1,100,0.00625
285.545,-1.4816997208264873,TC1,100,0.00625
287.04,-0.92226109297156,TC1,100,0.00625
288.535,-0.2268853028846074,TC1,100,0.00625
290.03,0.7266639576323293,TC1,100,0.00625
291.525,1.9929674110594533,TC1,100,0.00625
293.02,3.454523317543192,TC1,100,0.00625
294.515,4.514505450456035,TC1,100,0.00625
296.01,4.799733950216776,TC1,100,0.00625
297.505,4.68349183407183,TC1,100,0.00625
299.0,4.661759246358571,TC1,100,0.00625
300.495,5.056895088175551,TC1,100,0.00625
301.99,6.647310164510316,TC1,100,0.00625
303.485,7.974672353269305,TC1,100,0.00625
304.98,6.2468917909093165,TC1,100,0.00625
306.475,0.6643466326654739,TC1,100,0.00625
307.97,-8.08349909978784,TC1,100,0.00625
309.465,-17.788059634402362,TC1,100,0.00625
310.96,-25.03980117493237,TC1,100,0.00625
312.455,-28.551578105373626,TC1,100,0.00625
313.95,-28.84441095726625,TC1,100,0.00625
315.445,-25.839946468785502,TC1,100,0.00625
316.94,-19.66755315366902,TC1,100,0.00625
318.435,-10.251479325216774,TC1,100,0.00625
319.93,2.487498639646752,TC1,100,0.00625
321.425,18.975478081572533,TC1,100,0.00625
322.92,39.01277552932599,TC1,100,0.00625
264.615,37.92022311067515,TC1,1000,0.0625
266.11,25.29333960118004,TC1,1000,0.0625
267.605,15.58917726753738,TC1,1000,0.0625
269.1,8.45634407695476,TC1,1000,0.0625
270.595,3.6401473655415657,TC1,1000,0.0625
272.09,0.9506179401674686,TC1,1000,0.0625
273.585,0.0,TC1,1000,0.0625
275.08,0.1575833304855187,TC1,1000,0.0625
276.575,0.681771086515802,TC1,1000,0.0625
278.07,0.8837271571832908,TC1,1000,0.0625
279.565,0.3219693194306963,TC1,1000,0.0625
281.06,-1.099907782806123,TC1,1000,0.0625
282.555,-3.0857755178757547,TC1,1000,0.0625
284.05,-5.235909383331062,TC1,1000,0.0625
285.545,-7.122273967514955,TC1,1000,0.0625
287.04,-8.290780647060837,TC1,1000,0.0625
288.535,-8.45991630839019,TC1,1000,0.0625
290.03,-7.782479270088314,TC1,1000,0.0625
291.525,-6.5147019565479125,TC1,1000,0.0625
293.02,-4.806334411998781,TC1,1000,0.0625
294.515,-2.9986380506603005,TC1,1000,0.0625
296.01,-1.0046856036485678,TC1,1000,0.0625
297.505,1.0757462175073351,TC1,1000,0.0625
299.0,2.792354967100655,TC1,1000,0.0625
300.495,4.0655337693232845,TC1,1000,0.0625
301.99,5.030555928844002,TC1,1000,0.0625
303.485,5.836204116437839,TC1,1000,0.0625
304.98,7.1033170329876025,TC1,1000,0.0625
306.475,9.723066704647888,TC1,1000,0.0625
307.97,12.947490410214764,TC1,1000,0.0625
309.465,15.097805660408948,TC1,1000,0.0625
310.96,15.394266680186249,TC1,1000,0.0625
312.455,14.22775229953617,TC1,1000,0.0625
313.95,13.049516155174274,TC1,1000,0.0625
315.445,14.420049964581692,TC1,1000,0.0625
316.94,19.39849151473204,TC1,1000,0.0625
318.435,27.40390198083663,TC1,1000,0.0625
319.93,38.41164386021306,TC1,1000,0.0625
258.635,35.031328457618365,Xenon,10,0.000625
260.13,22.78667339051537,Xenon,10,0.000625
261.625,13.311276114167995,Xenon,10,0.000625
263.12,6.473998139945834,Xenon,10,0.000625
264.615,2.167887703042503,Xenon,10,0.000625
266.11,0.1854330339108898,Xenon,10,0.000625
267.605,0.0,Xenon,10,0.000625
269.1,1.2670815501825103,Xenon,10,0.000625
270.595,3.0631835608420914,Xenon,10,0.000625
272.09,4.37583104468127,Xenon,10,0.000625
273.585,5.387996042300792,Xenon,10,0.000625
275.08,5.90626244561232,Xenon,10,0.000625
276.575,5.563963701835164,Xenon,10,0.000625
278.07,4.993344968200525,Xenon,10,0.000625
279.565,4.314536755670375,Xenon,10,0.000625
281.06,3.501142570195938,Xenon,10,0.000625
282.555,3.3751231267643647,Xenon,10,0.000625
284.05,3.9051708583476703,Xenon,10,0.000625
285.545,4.728039425042709,Xenon,10,0.000625
287.04,5.865330274924212,Xenon,10,0.000625
288.535,7.071376921543511,Xenon,10,0.000625
290.03,8.314375024261786,Xenon,10,0.000625
291.525,9.32245459994833,Xenon,10,0.000625
293.02,9.919965043090777,Xenon,10,0.000625
294.515,10.352151577587357,Xenon,10,0.000625
296.01,10.493699291990788,Xenon,10,0.000625
297.505,10.140514127115722,Xenon,10,0.000625
299.0,9.523071672976329,Xenon,10,0.000625
300.495,8.833866836080098,Xenon,10,0.000625
301.99,9.040269485505412,Xenon,10,0.000625
303.485,9.535621169966028,Xenon,10,0.000625
304.98,7.666015290736503,Xenon,10,0.000625
306.475,2.322336602483229,Xenon,10,0.000625
307.97,-6.126028215801632,Xenon,10,0.000625
309.465,-15.749421592650858,Xenon,10,0.000625
310.96,-23.218762126926,Xenon,10,0.000625
312.455,-27.07361990714793,Xenon,10,0.000625
313.95,-27.764506995144345,Xenon,10,0.000625
315.445,-25.17563353552938,Xenon,10,0.000625
316.94,-19.51584114956271,Xenon,10,0.000625
318.435,-10.907130069432531,Xenon,10,0.000625
319.93,0.9993483774131028,Xenon,10,0.000625
321.425,16.06919173011412,Xenon,10,0.000625
322.92,34.30239998867051,Xenon,10,0.000625
257.14,49.5341701783038,Xenon,100,0.00625
258.635,33.986501538318954,Xenon,100,0.00625
260.13,21.62272736923002,Xenon,100,0.00625
261.625,12.373288152170616,Xenon,100,0.00625
263.12,5.899099117850522,Xenon,100,0.00625
264.615,1.8815059386019044,Xenon,100,0.00625
266.11,0.0235955018350111,Xenon,100,0.00625
267.605,0.0,Xenon,100,0.00625
269.1,1.3434030945334785,Xenon,100,0.00625
270.595,3.310949234865298,Xenon,100,0.00625
272.09,5.087911185389288,Xenon,100,0.00625
273.585,6.333347451545308,Xenon,100,0.00625
275.08,6.799904265317863,Xenon,100,0.00625
276.575,6.48642416359511,Xenon,100,0.00625
278.07,5.753495614822828,Xenon,100,0.00625
279.565,4.802889210154049,Xenon,100,0.00625
281.06,3.913311846703685,Xenon,100,0.00625
282.555,3.601910883411392,Xenon,100,0.00625
284.05,4.088751057213283,Xenon,100,0.00625
285.545,5.016597562730652,Xenon,100,0.00625
287.04,6.01909402826788,Xenon,100,0.00625
288.535,6.854110878965656,Xenon,100,0.00625
290.03,7.516107341906128,Xenon,100,0.00625
291.525,8.294829992040356,Xenon,100,0.00625
293.02,9.28716288982973,Xenon,100,0.00625
294.515,10.08007446411508,Xenon,100,0.00625
296.01,10.28969910590444,Xenon,100,0.00625
297.505,9.771220806300114,Xenon,100,0.00625
299.0,8.842572406216085,Xenon,100,0.00625
300.495,8.237402681797548,Xenon,100,0.00625
301.99,8.855637013892178,Xenon,100,0.00625
303.485,9.61160590910005,Xenon,100,0.00625
304.98,7.910425433950387,Xenon,100,0.00625
306.475,2.635188939536583,Xenon,100,0.00625
307.97,-5.582639584035704,Xenon,100,0.00625
309.465,-14.59740575037564,Xenon,100,0.00625
310.96,-21.12059563494563,Xenon,100,0.00625
312.455,-23.80130960674691,Xenon,100,0.00625
313.95,-23.3349016176384,Xenon,100,0.00625
315.445,-19.61439956737828,Xenon,100,0.00625
316.94,-12.679348907991391,Xenon,100,0.00625
318.435,-2.853369025645925,Xenon,100,0.00625
319.93,10.291551254423029,Xenon,100,0.00625
321.425,26.621646915219543,Xenon,100,0.00625
322.92,46.13691795674357,Xenon,100,0.00625
257.14,48.07724698095761,Xenon,200,0.0125
258.635,33.47401677574153,Xenon,200,0.0125
260.13,21.76413096808892,Xenon,200,0.0125
261.625,12.654205388819731,Xenon,200,0.0125
263.12,5.9874098295483975,Xenon,200,0.0125
264.615,1.7939573951032912,Xenon,200,0.0125
266.11,0.0,Xenon,200,0.0125
267.605,0.3588980071590555,Xenon,200,0.0125
269.1,2.147723062143534,Xenon,200,0.0125
270.595,4.114828728780509,Xenon,200,0.0125
272.09,5.524019834812307,Xenon,200,0.0125
273.585,6.185007032955909,Xenon,200,0.0125
275.08,5.920485941495187,Xenon,200,0.0125
276.575,5.043680023134236,Xenon,200,0.0125
278.07,3.993094977179972,Xenon,200,0.0125
279.565,2.9012525988765816,Xenon,200,0.0125
281.06,2.1960735075967435,Xenon,200,0.0125
282.555,2.341294184721704,Xenon,200,0.0125
284.05,3.1961777022571454,Xenon,200,0.0125
285.545,4.483746759751416,Xenon,200,0.0125
287.04,6.072807434748142,Xenon,200,0.0125
288.535,7.736658829111271,Xenon,200,0.0125
290.03,9.32372648811737,Xenon,200,0.0125
291.525,10.80948578539298,Xenon,200,0.0125
293.02,11.808929377543862,Xenon,200,0.0125
294.515,11.873566951888662,Xenon,200,0.0125
296.01,11.065371699075222,Xenon,200,0.0125
297.505,9.832976828207476,Xenon,200,0.0125
299.0,8.704979442463422,Xenon,200,0.0125
300.495,8.116819650994891,Xenon,200,0.0125
301.99,8.701105793083066,Xenon,200,0.0125
303.485,9.120663484714196,Xenon,200,0.0125
304.98,6.870689996178282,Xenon,200,0.0125
306.475,1.475614988325738,Xenon,200,0.0125
307.97,-6.231141045232754,Xenon,200,0.0125
309.465,-14.401773793718318,Xenon,200,0.0125
310.96,-19.983175549830246,Xenon,200,0.0125
312.455,-21.765215912863848,Xenon,200,0.0125
313.95,-20.400356789122373,Xenon,200,0.0125
315.445,-15.720481434812717,Xenon,200,0.0125
316.94,-7.727287184671823,Xenon,200,0.0125
318.435,3.2465454581610693,Xenon,200,0.0125
319.93,17.721084397877455,Xenon,200,0.0125
321.425,35.493495525490815,Xenon,200,0.0125
257.14,47.99239411955764,Xenon,500,0.03125
258.635,32.84830398595591,Xenon,500,0.03125
260.13,20.886117513213023,Xenon,500,0.03125
261.625,11.93744949276315,Xenon,500,0.03125
263.12,5.610349208893343,Xenon,500,0.03125
264.615,1.714325308004696,Xenon,500,0.03125
266.11,0.0,Xenon,500,0.03125
267.605,0.1271079434900599,Xenon,500,0.03125
269.1,1.38009657045016,Xenon,500,0.03125
270.595,2.838966643475686,Xenon,500,0.03125
272.09,3.9762150916171137,Xenon,500,0.03125
273.585,4.471758836870336,Xenon,500,0.03125
275.08,4.214591764685533,Xenon,500,0.03125
276.575,3.4420081069308424,Xenon,500,0.03125
278.07,2.216597643771763,Xenon,500,0.03125
279.565,0.8654014090195261,Xenon,500,0.03125
281.06,0.0468113726931065,Xenon,500,0.03125
282.555,-0.0761976819369252,Xenon,500,0.03125
284.05,0.4654959400154119,Xenon,500,0.03125
285.545,1.6006494985492417,Xenon,500,0.03125
287.04,3.1220904668493645,Xenon,500,0.03125
288.535,4.846460737304266,Xenon,500,0.03125
290.03,6.343037292660252,Xenon,500,0.03125
291.525,7.372826990733923,Xenon,500,0.03125
293.02,7.990709348308151,Xenon,500,0.03125
294.515,8.062187926098787,Xenon,500,0.03125
296.01,7.704067941644286,Xenon,500,0.03125
297.505,7.190463290282096,Xenon,500,0.03125
299.0,6.622684304266031,Xenon,500,0.03125
300.495,6.349013853844326,Xenon,500,0.03125
301.99,7.315962129145845,Xenon,500,0.03125
303.485,8.50464509519832,Xenon,500,0.03125
304.98,7.5708279476776354,Xenon,500,0.03125
306.475,3.497480938593398,Xenon,500,0.03125
307.97,-3.261406329140652,Xenon,500,0.03125
309.465,-10.728074659129769,Xenon,500,0.03125
310.96,-15.75529539007764,Xenon,500,0.03125
312.455,-17.100632207884605,Xenon,500,0.03125
313.95,-15.376628640829784,Xenon,500,0.03125
315.445,-10.642659490857431,Xenon,500,0.03125
316.94,-2.6490364530122896,Xenon,500,0.03125
318.435,8.952533948301209,Xenon,500,0.03125
319.93,24.20436035013221,Xenon,500,0.03125
321.425,43.071592837175714,Xenon,500,0.03125
257.14,48.5808530400261,Xenon,1000,0.0625
258.635,33.73899639871779,Xenon,1000,0.0625
260.13,21.762750368856157,Xenon,1000,0.0625
261.625,12.52416779793685,Xenon,1000,0.0625
263.12,5.952089516560518,Xenon,1000,0.0625
264.615,1.8831669292211315,Xenon,1000,0.0625
266.11,0.0867702896075233,Xenon,1000,0.0625
267.605,0.0,Xenon,1000,0.0625
269.1,0.8998114133027233,Xenon,1000,0.0625
270.595,2.320917763012288,Xenon,1000,0.0625
272.09,3.850722192970979,Xenon,1000,0.0625
273.585,4.790201286404864,Xenon,1000,0.0625
275.08,5.1618792172234045,Xenon,1000,0.0625
276.575,5.25305868445462,Xenon,1000,0.0625
278.07,4.95002469444869,Xenon,1000,0.0625
279.565,4.637580505840107,Xenon,1000,0.0625
281.06,4.684324903852614,Xenon,1000,0.0625
282.555,4.877607878946941,Xenon,1000,0.0625
284.05,5.367900068808334,Xenon,1000,0.0625
285.545,6.312330718106489,Xenon,1000,0.0625
287.04,7.155760281281035,Xenon,1000,0.0625
288.535,7.749985723961922,Xenon,1000,0.0625
290.03,8.389796112800108,Xenon,1000,0.0625
291.525,9.08750073548818,Xenon,1000,0.0625
293.02,9.561207777869711,Xenon,1000,0.0625
294.515,9.603112191661603,Xenon,1000,0.0625
296.01,9.002066238205211,Xenon,1000,0.0625
297.505,7.923246332272962,Xenon,1000,0.0625
299.0,6.989558758895571,Xenon,1000,0.0625
300.495,6.496284096726354,Xenon,1000,0.0625
301.99,7.095724931227833,Xenon,1000,0.0625
303.485,7.950611972855031,Xenon,1000,0.0625
304.98,6.859710496157193,Xenon,1000,0.0625
306.475,3.297901101965669,Xenon,1000,0.0625
307.97,-2.029715654829971,Xenon,1000,0.0625
309.465,-7.288421235343485,Xenon,1000,0.0625
310.96,-9.552064027111474,Xenon,1000,0.0625
312.455,-7.956212535026139,Xenon,1000,0.0625
313.95,-3.2476573835533404,Xenon,1000,0.0625
315.445,4.573747994270848,Xenon,1000,0.0625
316.94,15.45849693581989,Xenon,1000,0.0625
318.435,29.599801452818333,Xenon,1000,0.0625
319.93,47.334609449492575,Xenon,1000,0.0625
